catch-apple-slim-white	Catch Apple Slim White	Catch Catch Apple Slim White	https://snuset-files-prod.imgix.net/source/c2/catch-apple-slim-white.webp
catch-eucalyptus-white-mini	Catch Eucalyptus White Mini	Catch Catch Eucalyptus White Mini	https://snuset-files-prod.imgix.net/source/de/catch-eucalyptus-white-mini.png
catch-licorice-original-mini	Catch Licorice Original Mini	Catch Catch Licorice Original Mini	https://snuset-files-prod.imgix.net/source/e3/catch-licorice-original-mini.png
catch-licorice-white-mini	Catch Licorice White Mini	Catch Catch Licorice White Mini	https://snuset-files-prod.imgix.net/source/e7/catch-licorice-white-mini.png
catch-passion-white-mini	Catch Passion White Mini	Catch Catch Passion White Mini	https://snuset-files-prod.imgix.net/source/c6/catch-passion-white-mini.png
catch-peach-slim-white-strong	Catch Peach Slim White Strong	Catch Catch Peach Slim White Strong	https://snuset-files-prod.imgix.net/source/37/catch-peach-white-slim-strong.png
catch-peppermint-slim-white	Catch Peppermint Slim White	Catch Catch Peppermint Slim White	https://snuset-files-prod.imgix.net/source/3f/catch-peppermint-white-slim.png
catch-spearmint-white-mini	Catch Spearmint White Mini	Catch Catch Spearmint White Mini	https://snuset-files-prod.imgix.net/source/7a/catch-spearmint-white-mini.png
ettan-portion	Ettan Portion	Ettan Ettan Portion	https://snuset-files-prod.imgix.net/source/b4/ettan-original-portion.png
ettan-white-portion	Ettan White Portion	Ettan Ettan Portion	https://snuset-files-prod.imgix.net/source/b4/ettan-original-portion.png
g-3-g3-blue-mint-extra-stark	G.3 G3 Blue Mint Extra Stark	G.3 General G.3 Blue Mint Extra Stark	https://snuset-files-prod.imgix.net/source/ff/general-g.3-blue-mint-extra-strong-slim-white-dry-4.png
g-3-g3-blue-mint-stark-superslim	G.3 G3 Blue Mint Stark Superslim	G.3 General G.3 Blue Mint Stark Superslim	https://snuset-files-prod.imgix.net/source/be/general-g.3-blue-mint-strong-superslim-3.png
g-3-g3-extra-strong-slim	G.3 G3 Extra Strong Slim	G.3 G3 Extra Strong Slim	https://snuset-files-prod.imgix.net/source/00/g3-no-01-slim-extra-strong-4.png
g-3-g3-extra-strong-slim-white	G.3 G3 Extra Strong Slim White	G.3 G3 Extra Strong Slim White	https://snuset-files-prod.imgix.net/source/de/g3-no-02-slim-white-extra-strong-4.png
g-3-g3-load-super-strong-slim-white-dry	G.3 G3 LOAD Super Strong Slim White Dry	G.3 G3 LOAD Super Strong Slim White Dry	https://snuset-files-prod.imgix.net/source/ec/g3-load-no-10-slim-white-dry-super-strong-5.png
g-3-g3-original-stark-slim-portionssnus	G.3 G3 Original Stark Slim Portionssnus	G.3 General G.3 Original Stark Slim Portionssnus	https://snuset-files-prod.imgix.net/source/59/general-g.3-original-strong-slim-portion-3.png
g-3-g3-strong-superslim-white	G.3 G3 Strong Superslim White	G.3 G3 Strong Superslim White	https://snuset-files-prod.imgix.net/source/05/g3-no-07-super-slim-white-strong-3.png
g-3-g3-t-n-t-extra-stark-slim-white-portionssnus	G.3 G3 T.N.T Extra Stark Slim White Portionssnus	G.3 General G.3 T.N.T Extra Stark Slim White Portionssnus	https://snuset-files-prod.imgix.net/source/75/general-g.3-t.n.t-super-strong-slim-white-dry-portion-5.png
g-3-g3-wire-super-strong-slim-white-dry	G.3 G3 WIRE Super Strong Slim White Dry	G.3 G3 WIRE Super Strong Slim White Dry	https://snuset-files-prod.imgix.net/source/28/g3-wire-no-09-slim-white-dry-super-strong-5.png
g-3-wink-mint-superslim-strong-white	G.3 Wink Mint Superslim Strong White	G.3 G3 Wink Mint Strong Superslim White	https://snuset-files-prod.imgix.net/source/8c/g3-wink-no-06-super-slim-white-mint-strong-3.png
general-extra-stark-portion	General Extra Stark Portion	General General Extra Stark Portion	https://snuset-files-prod.imgix.net/source/79/general-portion-extra-strong-4.png
general-one-svart-stark-portion	General One Svart Stark Portion	General General One Svart Stark Portion	https://snuset-files-prod.imgix.net/source/e6/general-one-portion.png
general-one-white-portion	General One White Portion	General General One White Portion	https://snuset-files-prod.imgix.net/source/29/general-one-white-portion.png
general-original-portion-strong	General Original Portion Strong	General General Strong Original Portion	https://snuset-files-prod.imgix.net/source/47/general-portion-strong-3.png
general-slim-white	General Slim White	General General Slim White	https://snuset-files-prod.imgix.net/source/af/general-slim-white.png
general-slim-white-portion-strong	General Slim White Portion Strong	General General Slim White Portion Strong	https://snuset-files-prod.imgix.net/source/40/general-slim-white-strong.png
general-voyage-brooklyn-white-portion	General Voyage Brooklyn White Portion	General General Voyage Brooklyn White Portion	https://snuset-files-prod.imgix.net/source/ec/general-voyage-brooklyn-white-portion.png
general-voyage-cape-town-white-portion-strong	General Voyage Cape Town White Portion Strong	General General Voyage Cape Town Stark White Portion	https://snuset-files-prod.imgix.net/source/c0/general-voyage-cape-town-stark-white-portion.png
general-voyage-sicily-white-portion	General Voyage Sicily White Portion	General General Voyage Sicily White Portion	https://snuset-files-prod.imgix.net/source/5d/general-voyage-sicily-white-portion.png
general-white-portion	General White Portion	General General White Portion	https://snuset-files-prod.imgix.net/source/de/general-white-portion.png
general-white-portion-strong	General White Portion Strong	General General White Portion Strong	https://snuset-files-prod.imgix.net/source/26/general-white-portion-strong-3.png
granit-original-portion	Granit Original Portion	Granit Granit Original Portion Large	https://snuset-files-prod.imgix.net/source/00/granit-original-portion-large.png
granit-original-white-portion	Granit Original White Portion	Granit Granit White Portion Large	https://snuset-files-prod.imgix.net/source/d9/granit-white-portion-large.png
granit-stark-white-portion	Granit Stark White Portion	Granit Granit White Portion Large	https://snuset-files-prod.imgix.net/source/d9/granit-white-portion-large.png
grov-extra-stark-portion	Grov Extra Stark Portion	Grov Grov Portion	https://snuset-files-prod.imgix.net/source/43/grov-portion.png
grov-portion	Grov Portion	Grov Grov Portion	https://snuset-files-prod.imgix.net/source/43/grov-portion.png
grov-white-portion	Grov White Portion	Grov Grov Portion	https://snuset-files-prod.imgix.net/source/43/grov-portion.png
goteborgs-rape-andra-langgatan-ltd	Göteborgs Rapé Andra Långgatan LTD	Göteborgs Rapé Göteborgs Rapé Andra Långgatan LTD	https://snuset-files-prod.imgix.net/source/9a/goeteborgs-rape-andra-langgatan-limiterad-vit-portion.png
goteborgs-rape-granskott-one	Göteborgs Rapé Granskott One	Göteborgs Rapé Göteborgs Rapé Granskott One	https://snuset-files-prod.imgix.net/source/b2/goeteborgs-rape-one-granskott-vit-portion.png
goteborgs-rape-gullbergs-kaj-white-portion	Göteborgs Rapé Gullbergs Kaj White Portion	Göteborgs Rapé Göteborgs Rapé Gullbergs Kaj White Portion	https://snuset-files-prod.imgix.net/source/f9/goeteborgs-rape-gullbergs-kaj-vit-portion.png
goteborgs-rape-hjortron-white-portion	Göteborgs Rapé Hjortron White Portion	Göteborgs Rapé Göteborgs Rapé White Portion	https://snuset-files-prod.imgix.net/source/2c/goeteborgs-rape-vit-portion__02.png
goteborgs-rape-lingon-white-portion	Göteborgs Rapé Lingon White Portion	Göteborgs Rapé Göteborgs Rapé Lingon White Portion	https://snuset-files-prod.imgix.net/source/d4/goeteborgs-rape-lingon.png
goteborgs-rape-ltd-botaniska	Göteborgs Rapé LTD Botaniska	Göteborgs Rapé Göteborgs Rapé Botaniska LTD White Portion	https://snuset-files-prod.imgix.net/source/46/goeteborgs-rape-botaniska-limiterad-vit-portion.png
goteborgs-rape-masthugget-vit-portion	Göteborgs Rapé Masthugget Vit Portion	Göteborgs Rapé Göteborgs Rapé Masthugget Vit Portion	https://snuset-files-prod.imgix.net/source/58/goeteborgs-rape-masthugget-vit-portion.png
goteborgs-rape-one-vit-portion	Göteborgs Rapé One Vit Portion	Göteborgs Rapé Göteborgs Rapé One Vit Portion	https://snuset-files-prod.imgix.net/source/8e/goeteborgs-rape-one-vit-portion.png
goteborgs-rape-portion	Göteborgs Rapé Portion	Göteborgs Rapé Göteborgs Rapé Portion	https://snuset-files-prod.imgix.net/source/87/goeteborgs-rape-portion__02.png
goteborgs-rape-slim-white	Göteborgs Rapé Slim White	Göteborgs Rapé Göteborgs Rapé Slim White	https://snuset-files-prod.imgix.net/source/93/goeteborgs-rape-slim-vit-portion.png
goteborgs-rape-slim-white-portion-stark	Göteborgs Rapé Slim White Portion Stark	Göteborgs Rapé Göteborgs Rapé Slim White Portion Stark	https://snuset-files-prod.imgix.net/source/09/goeteborgs-rape-stark-slim-vit-portion.png
goteborgs-rape-stark-vit-portion	Göteborgs Rapé Stark Vit Portion	Göteborgs Rapé Göteborgs Rapé Stark Vit Portion	https://snuset-files-prod.imgix.net/source/6e/goeteborgs-rape-stark-vit-portion__02.png
goteborgs-rape-vilda-bar-one	Göteborgs Rapé Vilda Bär One	Göteborgs Rapé Göteborgs Rapé Vilda Bär One	https://snuset-files-prod.imgix.net/source/c4/goeteborgs-rape-one-vilda-baer-vit-portion.png
goteborgs-rape-white-portion	Göteborgs Rapé White Portion	Göteborgs Rapé Göteborgs Rapé White Portion	https://snuset-files-prod.imgix.net/source/2c/goeteborgs-rape-vit-portion__02.png
kaliber-original-portion	Kaliber Original Portion	Kaliber Kaliber Original Portion	https://snuset-files-prod.imgix.net/source/3a/kaliber-original.png
kaliber-plus-portion	Kaliber Plus Portion	Kaliber Kaliber Plus Portion	https://snuset-files-prod.imgix.net/source/e7/kaliber-plus-original-stark.png
kaliber-plus-stark-white-portion	Kaliber Plus Stark White Portion	Kaliber Kaliber Plus Stark White Portion	https://snuset-files-prod.imgix.net/source/64/kaliber-plus-vit-stark.png
kaliber-salmiak-vit-portion	Kaliber Salmiak Vit Portion	Kaliber Kaliber Salmiak White Portion	https://snuset-files-prod.imgix.net/source/79/kaliber-vit-salmiak.png
kaliber-white-portion	Kaliber White Portion	Kaliber Kaliber White Portion	https://snuset-files-prod.imgix.net/source/a4/kaliber-vit.png
kapten-lakrits-vit-portion	Kapten Lakrits Vit Portion	Kapten Kapten Lakrits Vit Portion	https://snuset-files-prod.imgix.net/source/e7/kapten-lakrits-vit-portion.png
kapten-mini-lakrits-vit-portion	Kapten Mini Lakrits Vit Portion	Kapten Kapten Mini Lakrits Vit Portion	https://snuset-files-prod.imgix.net/source/83/kapten-mini-lakrits-vit-portion.png
kapten-mini-vit-portion	Kapten Mini Vit Portion	Kapten Kapten Mini Vit Portion	https://snuset-files-prod.imgix.net/source/fd/kapten-mini-vit-portion.png
kapten-mint-vit-portion	Kapten Mint Vit Portion	Kapten Kapten Mint Vit Portion	https://snuset-files-prod.imgix.net/source/fc/kapten-mint-vit-portion.png
kapten-mint-x-stark-vit-portion	Kapten Mint X-Stark Vit Portion	Kapten Kapten Mint X-Stark Vit Portion	https://snuset-files-prod.imgix.net/source/7c/kapten-mint-x-stark-vit-portion.png
kapten-original-portion	Kapten Original Portion	Kapten Kapten Original Portion	https://snuset-files-prod.imgix.net/source/b7/kapten-original-portion.png
kapten-original-stark-portion	Kapten Original Stark Portion	Kapten Kapten Original Stark Portion	https://snuset-files-prod.imgix.net/source/29/kapten-original-stark-portion.png
kapten-salmiak-x-stark-vit-portion	Kapten Salmiak X-Stark Vit Portion	Kapten Kapten Salmiak X-Stark Vit Portion	https://snuset-files-prod.imgix.net/source/d6/kapten-salmiak-x-stark-vit-portion.png
kapten-vit-portion	Kapten Vit Portion	Kapten Kapten Vit Portion	https://snuset-files-prod.imgix.net/source/1a/kapten-vit-portion.png
kapten-vit-stark-portion	Kapten Vit Stark Portion	Kapten Kapten Vit Stark Portion	https://snuset-files-prod.imgix.net/source/4f/kapten-vit-x-stark-portion.png
kapten-vit-x-stark-portion	Kapten Vit X-Stark Portion	Kapten Kapten Vit X-Stark Portion	https://snuset-files-prod.imgix.net/source/4f/kapten-vit-x-stark-portion.png
knox-extra-stark-portion	Knox Extra Stark Portion	Knox Knox Extra Stark Portion	https://snuset-files-prod.imgix.net/source/06/knox-xtra-stark-portion.png
knox-extra-stark-white-portion	Knox Extra Stark White Portion	Knox Knox Extra Stark White Portion	https://snuset-files-prod.imgix.net/source/c4/knox-xtra-stark-white-portion.png
knox-karaktar-blue-stark-white-portion	Knox Karaktär Blue Stark White Portion	Knox Knox Karaktär Blue Stark White Portion	https://snuset-files-prod.imgix.net/source/4f/knox-karaktaer-blue-stark-white-3.png
knox-karaktar-blue-white-portion	Knox Karaktär Blue White Portion	Knox Knox Karaktär Blue White Portion	https://snuset-files-prod.imgix.net/source/ee/knox-karaktaer-blue-white-2.png
knox-karaktar-green-white-portion	Knox Karaktär Green White Portion	Knox Knox Karaktär Green White Portion	https://snuset-files-prod.imgix.net/source/b3/knox-karaktaer-green-white-2.png
knox-karaktar-purple-white-portion	Knox Karaktär Purple White Portion	Knox Knox Karaktär Purple White Portion	https://snuset-files-prod.imgix.net/source/4c/knox-karaktaer-purple-white-2.png
knox-karaktar-red-white-portion	Knox Karaktär Red White Portion	Knox Knox Karaktär Red White Portion	https://snuset-files-prod.imgix.net/source/dd/knox-karaktaer-red-white-2.png
knox-karaktar-yellow-white-portion	Knox Karaktär Yellow White Portion	Knox Knox Karaktär Yellow White Portion	https://snuset-files-prod.imgix.net/source/ea/knox-karaktaer-yellow-white-2.png
knox-portion	Knox Portion	Knox Knox Portion	https://snuset-files-prod.imgix.net/source/70/knox-portion.png
knox-stark-portion	Knox Stark Portion	Knox Knox Stark Portion	https://snuset-files-prod.imgix.net/source/e0/knox-stark-portion.png
knox-stark-white-portion	Knox Stark White Portion	Knox Knox Stark White Portion	https://snuset-files-prod.imgix.net/source/e2/knox-stark-white-portion.png
knox-white-portion	Knox White Portion	Knox Knox White Portion	https://snuset-files-prod.imgix.net/source/55/knox-white-portion.png
kronan-portion	Kronan Portion	Kronan Kronan Original Portion	https://snuset-files-prod.imgix.net/source/58/kronan-original.png
kronan-stark-portion	Kronan Stark Portion	Kronan Kronan Stark Original Portion	https://snuset-files-prod.imgix.net/source/92/kronan-stark-original.png
kronan-stark-vit-portion	Kronan Stark Vit Portion	Kronan Kronan Stark Vit Portion	https://snuset-files-prod.imgix.net/source/89/kronan-stark-vit.png
kronan-vit-portion	Kronan Vit Portion	Kronan Kronan Vit Portion	https://snuset-files-prod.imgix.net/source/2e/kronan-vit.png
kurbits-morgondagg-white-portion	Kurbits Morgondagg White Portion	Kurbits Kurbits Morgondagg White Portionssnus	https://snuset-files-prod.imgix.net/source/ae/kurbits-morgondagg-white-portionssnus.png
ld-30-original-portionssnus	LD 30 Original Portionssnus	LD LD 30 Original	https://snuset-files-prod.imgix.net/source/dd/ld-30-original.png
ld-original-portionssnus	LD Original Portionssnus	LD LD Original	https://snuset-files-prod.imgix.net/source/7a/ld-original-portion.png
ld-original-stark-portionssnus	LD Original Stark Portionssnus	LD LD Original Stark	https://snuset-files-prod.imgix.net/source/7c/ld-original-stark-portion.png
ld-salmiak-portionssnus	LD Salmiak Portionssnus	LD LD Salmiak	https://snuset-files-prod.imgix.net/source/c5/ld-salmiak.png
ld-salmiak-stark-portionssnus	LD Salmiak Stark Portionssnus	LD LD Salmiak Stark	https://snuset-files-prod.imgix.net/source/d2/ld-salmiak-stark-portion.png
ld-signum-bergamott-vit-stark-portionssnus	LD Signum Bergamott Vit Stark Portionssnus	LD LD Signum Bergamott Vit Portion Stark	https://snuset-files-prod.imgix.net/source/fd/ld-signum-bergamott-vit-portion-stark.png
ld-signum-ume	LD Signum Ume	LD LD Signum Ume White Portion	https://snuset-files-prod.imgix.net/source/1e/ld-signum-ume-limited-edition-vit-portion.png
ld-signum-vit	LD Signum Vit	LD LD Vit	https://snuset-files-prod.imgix.net/source/b4/ld-vit-portion.png
ld-whiskey-portionssnus	LD Whiskey Portionssnus	LD LD Whiskey Original	https://snuset-files-prod.imgix.net/source/64/ld-whiskey-original.png
lundgrens-aftonglod	Lundgrens Aftonglöd	Lundgrens Lundgrens Aftonglöd Stark	https://snuset-files-prod.imgix.net/source/7d/lundgrens-aftongloed-stark.png
lundgrens-aftonglod-original-portion	Lundgrens Aftonglöd Original Portion	Lundgrens Lundgrens Aftonglöd Original Portion	https://snuset-files-prod.imgix.net/source/f4/lundgrens-aftongloed-original.png
lundgrens-aftonglod-stark	Lundgrens Aftonglöd Stark	Lundgrens Lundgrens Aftonglöd Stark	https://snuset-files-prod.imgix.net/source/7d/lundgrens-aftongloed-stark.png
lundgrens-becksvart	Lundgrens Becksvart	Lundgrens Lundgrens Becksvart Vit Portion	https://snuset-files-prod.imgix.net/source/cb/lundgrens-becksvart.png
lundgrens-fjallen-white-portion	Lundgrens Fjällen White Portion	Lundgrens Lundgrens Fjällen	https://snuset-files-prod.imgix.net/source/aa/lundgrens-fjaellen.png
lundgrens-glasrike-limited-edition-2025	Lundgrens Glasrike Limited Edition 2025	Lundgrens Lundgrens Glasrike Limited Edition 2025	https://snuset-files-prod.imgix.net/source/e4/lundgrens-glasrike-limited-edition-2025.png
lundgrens-lagereld-white-portion	Lundgrens Lägereld White Portion	Lundgrens Lundgrens Lägereld	https://snuset-files-prod.imgix.net/source/85/lundgrens-laegereld.png
lundgrens-norrland-stark-white-portion	Lundgrens Norrland Stark White Portion	Lundgrens Lundgrens Norrland Stark	https://snuset-files-prod.imgix.net/source/44/lundgrens-norrland-stark.png
lundgrens-norrland-white-portion	Lundgrens Norrland White Portion	Lundgrens Lundgrens Norrland	https://snuset-files-prod.imgix.net/source/dc/lundgrens-norrland.png
lundgrens-original-portion	Lundgrens Original Portion	Lundgrens Lundgrens Original Portion	https://snuset-files-prod.imgix.net/source/b8/lundgrens-original-portion__02.png
lundgrens-skargarden-white-portion	Lundgrens Skärgården White Portion	Lundgrens Lundgrens Skärgården Vit Portion	https://snuset-files-prod.imgix.net/source/72/lundgrens-skaergarden.png
lundgrens-skane-slim-white-portion	Lundgrens Skåne Slim White Portion	Lundgrens Lundgrens Skåne Slim	https://snuset-files-prod.imgix.net/source/33/lundgrens-skane-slim.png
lundgrens-skane-stark-vit	Lundgrens Skåne Stark Vit	Lundgrens Lundgrens Skåne Stark	https://snuset-files-prod.imgix.net/source/ed/lundgrens-skane-stark.png
lundgrens-skane-white-portion	Lundgrens Skåne White Portion	Lundgrens Lundgrens Skåne	https://snuset-files-prod.imgix.net/source/d1/lundgrens-skane.png
lundgrens-vit-portion	Lundgrens Vit Portion	Lundgrens Lundgrens Vit Portion	https://snuset-files-prod.imgix.net/source/9a/lundgrens-vit-portion__02.png
lundgrens-vit-portion-stark	Lundgrens Vit Portion Stark	Lundgrens Lundgrens Vit Portion Stark	https://snuset-files-prod.imgix.net/source/36/lundgrens-vit-portion-stark__02.png
lundgrens-vastkusten-white-portion	Lundgrens Västkusten White Portion	Lundgrens Lundgrens Västkusten	https://snuset-files-prod.imgix.net/source/a6/lundgrens-vaestkusten.png
nick-johnny-americana-extra-strong-portion	Nick & Johnny Americana Extra Strong Portion	Nick & Johnny Nick & Johnny Americana Extra Strong Portion	https://snuset-files-prod.imgix.net/source/24/nick-johnny-americana-extra-strong-portion.png
nick-johnny-crushed-ice-extra-strong-portion	Nick & Johnny Crushed Ice Extra Strong Portion	Nick & Johnny Nick & Johnny Crushed Ice Extra Strong Portion	https://snuset-files-prod.imgix.net/source/59/nick-johnny-crushed-ice-extra-strong-portion.png
nick-johnny-crushed-ice-extra-strong-white	Nick & Johnny Crushed Ice Extra Strong White	Nick & Johnny Nick & Johnny Crushed Ice Extra Strong White	https://snuset-files-prod.imgix.net/source/15/nick-johnny-crushed-ice-extra-strong-white.png
nick-johnny-green-ice-stark-slim-white	Nick & Johnny Green Ice Stark Slim White	Nick & Johnny Nick & Johnny Green Ice Stark Slim White	https://snuset-files-prod.imgix.net/source/0f/nick-johnny-green-ice-stark-slim-white.png
nick-johnny-red-hot-portion-extra-strong	Nick & Johnny Red Hot Portion Extra Strong	Nick & Johnny Nick & Johnny Red Hot Extra Strong Portion	https://snuset-files-prod.imgix.net/source/27/nick-johnny-red-hot-extra-strong-portion.png
offroad-x-white-dry-portion	Offroad X White Dry Portion	Offroad Offroad X White Dry Portion	https://snuset-files-prod.imgix.net/source/f8/offroad-x-white-dry-portion.png
skruf-fresh-no-15-power-mint	Skruf Fresh No.15 Power Mint	Skruf Skruf Fresh No.15 Power Mint	https://snuset-files-prod.imgix.net/source/62/skruf-fresh-no.-15-slim-white-power-mint-ultra-5.png
skruf-no-02-fresh-slim-white-portion	Skruf No. 02 Fresh Slim White Portion	Skruf Skruf No. 02 Fresh Slim White Portion	https://snuset-files-prod.imgix.net/source/4c/skruf-fresh-no.-2-slim-white-mint-medium-2.png
skruf-no-04-fresh-stark-slim-white-portion	Skruf No. 04 Fresh Stark Slim White Portion	Skruf Skruf No. 04 Fresh Stark Slim White Portion	https://snuset-files-prod.imgix.net/source/62/skruf-fresh-no.-4-slim-white-mint-xtra-4.png
skruf-no-05-fresh-extra-stark-slim-white-portion	Skruf No. 05 Fresh Extra Stark Slim White Portion	Skruf Skruf No. 05 Fresh Extra Stark Slim White Portion	https://snuset-files-prod.imgix.net/source/9a/skruf-fresh-no.-5-slim-white-mint-ultra-5.png
skruf-no-08-nordic-liquorice-slim-white-portion	Skruf No. 08 Nordic Liquorice Slim White Portion	Skruf Skruf No. 08 Nordic Liquorice Slim White Portion	https://snuset-files-prod.imgix.net/source/24/skruf-fresh-no.-8-slim-white-nordic-liquorice-medium-2.png
skruf-no-10-fresh-superslim-white-portion	Skruf No. 10 Fresh Superslim White Portion	Skruf Skruf No. 10 Fresh Superslim White Portion	https://snuset-files-prod.imgix.net/source/92/skruf-fresh-no.-10-superslim-white-medium-2.png
skruf-no-19-tranbar-white-portion	Skruf No. 19 Tranbär White Portion	Skruf Skruf No. 19 Tranbär White Portion	https://snuset-files-prod.imgix.net/source/11/skruf-fresh-no.-19-white-tranbaer-medium-2.png
skruf-no-22-original-white-portion	Skruf No. 22 Original White Portion	Skruf Skruf No. 22 Original White Portion	https://snuset-files-prod.imgix.net/source/ee/skruf-no.-22-white-medium-2.png
skruf-no-23-stark-white-portion	Skruf No. 23 Stark White Portion	Skruf Skruf No. 23 Stark White Portion	https://snuset-files-prod.imgix.net/source/87/skruf-no.-23-white-strong-3.png
skruf-no-24-extra-stark-white-portion	Skruf No. 24 Extra Stark White Portion	Skruf Skruf No. 24 Extra Stark White Portion	https://snuset-files-prod.imgix.net/source/31/skruf-no.-24-white-xtra-4.png
skruf-no-25-original-slim-white-portion	Skruf No. 25 Original Slim White Portion	Skruf Skruf No. 25 Original Slim White Portion	https://snuset-files-prod.imgix.net/source/b8/skruf-no.-25-white-medium-2.png
skruf-no-26-original-stark-slim-white-portion	Skruf No. 26 Original Stark Slim White Portion	Skruf Skruf No. 26 Stark Slim White Portion	https://snuset-files-prod.imgix.net/source/71/skruf-no.-26-white-strong-3.png
skruf-no-27-original-portion	Skruf No. 27 Original Portion	Skruf Skruf No. 27 Original Portion	https://snuset-files-prod.imgix.net/source/09/skruf-no.-27-portion-medium-2.png
skruf-no-28-stark-portion	Skruf No. 28 Stark Portion	Skruf Skruf No. 28 Stark Portion	https://snuset-files-prod.imgix.net/source/58/skruf-no.-28-portion-strong-3.png
skruf-no-29-extra-stark-portion	Skruf No. 29 Extra Stark Portion	Skruf Skruf No. 29 Extra Stark Portion	https://snuset-files-prod.imgix.net/source/56/skruf-no.-29-portion-xtra-4.png
smalands-brukssnus-white-portion	Smålands Brukssnus White Portion	Smålands Brukssnus Smålands Brukssnus White Portion	https://snuset-files-prod.imgix.net/source/ae/smalands-brukssnus-vit.png
soldat-extreme-extra-stark-white-portion	Soldat Extreme Extra Stark White Portion	Soldat Soldat Extreme Extra Stark White Portionssnus	https://snuset-files-prod.imgix.net/source/be/soldat-extreme-extra-stark-white-portionssnus.png
soldat-stark-original-white-portion	Soldat Stark Original White Portion	Soldat Soldat Stark Original White Portionssnus	https://snuset-files-prod.imgix.net/source/25/soldat-stark-original-white-portionssnus.png
soldat-vinter-extra-stark-white-portion	Soldat Vinter Extra Stark White Portion	Soldat Soldat Vinter Extra Stark White Portionssnus	https://snuset-files-prod.imgix.net/source/30/soldat-vinter-extra-stark-white-portionssnus.png
the-lab-02-strong-original-slim	The Lab 02 Strong Original Slim	The Lab The Lab 02 Strong Original Slim	https://snuset-files-prod.imgix.net/source/ff/the-lab-02-strong-original-slim.png
the-lab-05-strong-white-slim	The Lab 05 Strong White Slim	The Lab The Lab 05 Strong White Slim	https://snuset-files-prod.imgix.net/source/4d/the-lab-05-strong-white-slim.png
the-lab-06-extra-strong-original-slim	The Lab 06 Extra Strong Original Slim	The Lab The Lab 06 Extra Strong Original Slim	https://snuset-files-prod.imgix.net/source/01/the-lab-06-extra-strong-original-slim.png
the-lab-07-extra-strong-white-slim	The Lab 07 Extra Strong White Slim	The Lab The Lab 07 Extra Strong White Slim	https://snuset-files-prod.imgix.net/source/05/the-lab-07-extra-strong-white-slim.png
the-lab-12-slim-white-portion	The Lab 12 Slim White Portion	The Lab The Lab 12 Slim White Portionssnus	https://snuset-files-prod.imgix.net/source/bb/the-lab-12-slim-white-dry-mint-xylitol.png
tre-ankare-white-portion	Tre Ankare White Portion	Tre Ankare Tre Ankare White Portionssnus	https://snuset-files-prod.imgix.net/source/c0/tre-ankare-vit-portion.png
vargarda-bar-stark	Vårgårda Bär Stark	Vårgårda Vårgårda Bär Stark Vit Portion	https://snuset-files-prod.imgix.net/source/4c/vargarda-baer-stark.png
vargarda-barstig	Vårgårda Bärstig	Vårgårda Vårgårda Bärstig White Portion	https://snuset-files-prod.imgix.net/source/cc/vargarda-baerstig-vit-portion.png
vargarda-gryning	Vårgårda Gryning	Vårgårda Vårgårda Gryning Vit Portion	https://snuset-files-prod.imgix.net/source/5f/vargarda-gryning-vit-portion.png
vargarda-rustik	Vårgårda Rustik	Vårgårda Vårgårda Rustik Vit Portion	https://snuset-files-prod.imgix.net/source/c6/vargarda-rustik-vit-portion__02.png
vargarda-skog-original-portion	Vårgårda Skog Original Portion	Vårgårda Vårgårda Skog Original Portion	https://snuset-files-prod.imgix.net/source/19/vargarda-skog-original-limiterad-upplaga.png
vargarda-skog-slim	Vårgårda Skog Slim	Vårgårda Vårgårda Skog Slim White Portion	https://snuset-files-prod.imgix.net/source/d5/vargarda-skog-slim-limiterad-upplaga.png
vargarda-skog-stark	Vårgårda Skog Stark	Vårgårda Vårgårda Skog Stark Vit	https://snuset-files-prod.imgix.net/source/77/vargarda-skog-stark-vit-portion.png
vargarda-snuskollektion-2025	Vårgårda Snuskollektion 2025	Vårgårda Vårgårda Snuskollektion 2025	https://snuset-files-prod.imgix.net/source/b7/vargarda-snuskollektion-2025.png
77-nicotine-pouches-77-apple-mint	77 Nicotine Pouches 77 Apple & Mint	77 Nicotine Pouches 77 Apple & Mint 3	https://snuset-files-prod.imgix.net/source/f6/77-apple-and-mint-3.png
77-nicotine-pouches-77-black-currant	77 Nicotine Pouches 77 Black Currant	77 Nicotine Pouches 77 Black Currant Ice 3	https://snuset-files-prod.imgix.net/source/e0/77-black-currant-ice-3__04.png
77-nicotine-pouches-77-bubbly-fizz	77 Nicotine Pouches 77 Bubbly Fizz	77 Nicotine Pouches 77 Bubbly Blizz 3	https://snuset-files-prod.imgix.net/source/59/77-snus-bubbly-blizz.png
77-nicotine-pouches-77-classic-tobacco	77 Nicotine Pouches 77 Classic Tobacco	77 Nicotine Pouches 77 Classic Tobacco Stark	https://snuset-files-prod.imgix.net/source/89/77-classic-tobacco-3__03.png
77-nicotine-pouches-77-cola-cherry	77 Nicotine Pouches 77 Cola & Cherry	77 Nicotine Pouches 77 Cola & Cherry 3	https://snuset-files-prod.imgix.net/source/1c/77-cola-and-cherry-3__03.png
77-nicotine-pouches-77-cola-vanilla	77 Nicotine Pouches 77 Cola & Vanilla	77 Nicotine Pouches 77 Cola & Vanilla 3	https://snuset-files-prod.imgix.net/source/dc/77-cola-and-vanilla-3__03.png
77-nicotine-pouches-77-cola-ice	77 Nicotine Pouches 77 Cola Ice	77 Nicotine Pouches 77 Cola Ice 3	https://snuset-files-prod.imgix.net/source/e3/77-cola-ice-3__03.png
77-nicotine-pouches-77-forest-fruits	77 Nicotine Pouches 77 Forest Fruits	77 Nicotine Pouches 77 Forest Fruits 3	https://snuset-files-prod.imgix.net/source/bc/77-forest-fruits-3__03.png
77-nicotine-pouches-77-freeze-mint	77 Nicotine Pouches 77 Freeze Mint	77 Nicotine Pouches 77 Freeze Mint	https://snuset-files-prod.imgix.net/source/4f/77-freeze-mint-3__03.png
77-nicotine-pouches-77-fresh-mint	77 Nicotine Pouches 77 Fresh Mint	77 Nicotine Pouches 77 Fresh Mint 3	https://snuset-files-prod.imgix.net/source/82/77-fresh-mint-3__03.png
77-nicotine-pouches-77-ghost-mini-cola-ice-5	77 Nicotine Pouches 77 Ghost Mini Cola Ice 5	77 Nicotine Pouches 77 Ghost Mini Cola Ice 5	https://snuset-files-prod.imgix.net/source/a8/77-ghost-mini-cola-ice-5__03.png
77-nicotine-pouches-77-ghost-mini-original-5	77 Nicotine Pouches 77 Ghost Mini Original 5	77 Nicotine Pouches 77 Ghost Mini Cola Ice 5	https://snuset-files-prod.imgix.net/source/a8/77-ghost-mini-cola-ice-5__03.png
77-nicotine-pouches-77-ice-mint	77 Nicotine Pouches 77 Ice Mint	77 Nicotine Pouches 77 Ice Mint 3	https://snuset-files-prod.imgix.net/source/4f/77-ice-mint-3__03.png
77-nicotine-pouches-77-peach-mint	77 Nicotine Pouches 77 Peach & Mint	77 Nicotine Pouches 77 Peach & Mint 3	https://snuset-files-prod.imgix.net/source/6c/77-peach-and-mint-3__03.png
77-nicotine-pouches-77-peppermint	77 Nicotine Pouches 77 Peppermint	77 Nicotine Pouches 77 Peppermint	https://snuset-files-prod.imgix.net/source/f3/77-peppermint-3__03.png
77-nicotine-pouches-77-raspberry-vanilla	77 Nicotine Pouches 77 Raspberry Vanilla	77 Nicotine Pouches 77 Raspberry Vanilla	https://snuset-files-prod.imgix.net/source/a7/77-raspberry-vanilla-3__03.png
77-nicotine-pouches-77-salted-caramel	77 Nicotine Pouches 77 Salted Caramel	77 Nicotine Pouches 77 Salted Caramel 3	https://snuset-files-prod.imgix.net/source/9a/77-salted-caramel-3__03.png
77-nicotine-pouches-77-sour-bliss	77 Nicotine Pouches 77 Sour Bliss	77 Nicotine Pouches 77 Sour Bliss 3	https://snuset-files-prod.imgix.net/source/e5/77-sour-bliss-3__03.png
77-nicotine-pouches-77-strawberry	77 Nicotine Pouches 77 Strawberry	77 Nicotine Pouches 77 Strawberry 3	https://snuset-files-prod.imgix.net/source/67/77-strawberry-3__03.png
77-nicotine-pouches-77-tropical-mint	77 Nicotine Pouches 77 Tropical Mint	77 Nicotine Pouches 77 Tropical Mint 3	https://snuset-files-prod.imgix.net/source/6c/77-tropical-mint-3.png
77-nicotine-pouches-77-vb-edition-arctic-berry	77 Nicotine Pouches 77 VB Edition Arctic Berry	77 Nicotine Pouches 77 VB Edition Arctic Berry 3	https://snuset-files-prod.imgix.net/source/1a/77-vb-edition-arctic-berry-3__03.png
77-nicotine-pouches-77-vb-edition-liquorice-citrus	77 Nicotine Pouches 77 VB Edition Liquorice & Citrus	77 Nicotine Pouches 77 VB Edition Liquorice & Citrus Stark	https://snuset-files-prod.imgix.net/source/17/77-vb-edition-liquorice-citrus-3.png
77-nicotine-pouches-77-vb-edition-spearmint	77 Nicotine Pouches 77 VB Edition Spearmint	77 Nicotine Pouches 77 vb edition spearmint stark slim tobaksfritt snus	https://snuset-files-prod.imgix.net/source/2e/77-vb-edition-spearmint-3__03.png
77-nicotine-pouches-77-watermelon-ice	77 Nicotine Pouches 77 Watermelon Ice	77 Nicotine Pouches 77 Watermelon Ice Stark	https://snuset-files-prod.imgix.net/source/03/77-watermelon-ice-3__03.png
ace-cool-mint	Ace Cool Mint	Ace Ace Cool Mint	https://snuset-files-prod.imgix.net/source/45/ace-cool-mint-4.png
ace-cool-mint-low	Ace Cool Mint Low	Ace Ace Cool Mint Low	https://snuset-files-prod.imgix.net/source/d7/ace-cool-mint-low-2.png
ace-eucalyptus	Ace Eucalyptus	Ace Ace Eucalyptus	https://snuset-files-prod.imgix.net/source/34/ace-eucalyptus-4.png
ace-spearmint	Ace Spearmint	Ace Ace Spearmint	https://snuset-files-prod.imgix.net/source/d8/ace-spearmint-4.png
ace-x-black-raspberry-chili	Ace X Black Raspberry Chili	Ace X Ace X Black Raspberry Chili	https://snuset-files-prod.imgix.net/source/c0/ace-x-black-raspberry-chili-5.png
ace-x-cool-mint	Ace X Cool Mint	Ace X Ace X Cool Mint	https://snuset-files-prod.imgix.net/source/d7/ace-x-cool-mint-5.png
ace-x-cosmic-cool-mint-stark-original	Ace X Cosmic Cool Mint Stark Original	Ace X Ace X Cool Mint	https://snuset-files-prod.imgix.net/source/d7/ace-x-cool-mint-5.png
ace-x-guarana-chili-boost	Ace X Guarana Chili Boost	Ace X Ace X Guarana Chili Boost	https://snuset-files-prod.imgix.net/source/18/ace-x-guarana-chili-boost-5.png
ace-x-red-apple-cinnamon-strong	Ace X Red Apple Cinnamon Strong	Ace X Ace X Red Apple Cinnamon	https://snuset-files-prod.imgix.net/source/bf/ace-x-red-apple-cinnamon-5.png
apres-appletini	Après Appletini	Après Après No.6 Appletini	https://snuset-files-prod.imgix.net/source/8b/apres-appletini-2.png
apres-cactus-lime-extra-strong	Après Cactus Lime Extra Strong	Après Après No.9 Cactus Lime Extra Strong	https://snuset-files-prod.imgix.net/source/b0/apres-no.9-cactus-lime-extra-strong-4.png
apres-cactus-lime	Après Cactus/Lime	Après Après No.9 Cactus Lime	https://snuset-files-prod.imgix.net/source/52/apres-no.9-cactus-lime-2.png
apres-cola-mild-mini	Après Cola Mild Mini	Après Après Menthol Mild Mini	https://snuset-files-prod.imgix.net/source/2f/apres-menthol-mild-mini-2.png
apres-cola-slim	Après Cola Slim	Après Après No.4 Cola	https://snuset-files-prod.imgix.net/source/8a/apres-no.4-cola-2.png
apres-ice-tea-peach-mild-mini	Après Ice Tea Peach Mild Mini	Après Après No.5 Ice Tea Peach Mini	https://snuset-files-prod.imgix.net/source/c4/apres-no.5-ice-tea-peach-mini-2.png
apres-ice-tea-peach-slim	Après Ice Tea Peach Slim	Après Après No.5 Ice Tea Peach	https://snuset-files-prod.imgix.net/source/60/apres-no.5-ice-tea-peach-2.png
apres-ice-tea-peach-stark-slim	Après Ice Tea Peach Stark Slim	Après Après No.5 Ice Tea Peach	https://snuset-files-prod.imgix.net/source/60/apres-no.5-ice-tea-peach-2.png
apres-lemon-curd-extra-strong	Après Lemon Curd Extra Strong	Après Après No.3 Lemon Curd Extra Strong	https://snuset-files-prod.imgix.net/source/3f/apres-no.3-lemon-curd-extra-strong-4.png
apres-lemon-curd-slim	Après Lemon Curd Slim	Après Après No.3 Lemon Curd	https://snuset-files-prod.imgix.net/source/49/apres-no.3-lemon-curd-2.png
apres-menthol-mild-mini	Après Menthol Mild Mini	Après Après Menthol Mild Mini	https://snuset-files-prod.imgix.net/source/2f/apres-menthol-mild-mini-2.png
apres-mint-slim	Après Mint Slim	Après Après No.2 Mint	https://snuset-files-prod.imgix.net/source/ab/apres-no.2-mint-2.png
apres-no-1-apres-menthol-hyper-strong	Après No.1 Après Menthol - Hypèr Strong	Après Après No.1 Menthol Hypèr Strong	https://snuset-files-prod.imgix.net/source/36/apres-no.1-menthol-hyper-strong-5__02.png
apres-no-10-apres-tangerine-spritz-hyper-strong	Après No.10 Après Tangerine Spritz - Hypèr Strong	Après Après No.10 Tangerine Spritz Hypèr Strong	https://snuset-files-prod.imgix.net/source/44/apres-tangerine-spritz-hyper-strong.png
apres-no-10-apres-tangerine-spritz-mini	Après No.10 Après Tangerine Spritz - Mini	Après Après No.10 Tangerine Spritz Mini	https://snuset-files-prod.imgix.net/source/a3/apres-no.10-tangerine-spritz-mini-2__02.png
apres-no-11-apres-bananas-hyper-strong	Après No.11 Après Bananas Hypèr Strong	Après Après No.11 Bananas Hypèr Strong	https://snuset-files-prod.imgix.net/source/ce/apres-no.11-bananas-hyper-strong-5__02.png
apres-no-11-apres-bananas-mini	Après No.11 Après Bananas Mini	Après Après No.11 Bananas Mini	https://snuset-files-prod.imgix.net/source/a8/apres-no.11-bananas-mini-2__02.png
apres-no-11-apres-bananas-normal	Après No.11 Après Bananas Normal	Après Après No.11 Bananas	https://snuset-files-prod.imgix.net/source/f2/apres-no.11-bananas-2__02.png
apres-no-12-apres-blueberry-hyper-strong	Après No.12 Après Blueberry Hypèr Strong	Après Après No.12 Blueberry Hypèr Strong	https://snuset-files-prod.imgix.net/source/0d/apres-no.12-blueberry-hyper-strong-5__02.png
apres-no-12-apres-blueberry-mini	Après No.12 Après Blueberry Mini	Après Après No.12 Blueberry Mini	https://snuset-files-prod.imgix.net/source/3b/apres-no.12-blueberry-mini-2__02.png
apres-no-12-apres-blueberry-normal	Après No.12 Après Blueberry Normal	Après Après No.12 Blueberry	https://snuset-files-prod.imgix.net/source/47/apres-no.12-blueberry-2__02.png
apres-no-13-apres-mochaccino-hyper-strong	Après No.13 Après Mochaccino Hypèr Strong	Après Après No.13 Mochaccino Hypèr Strong	https://snuset-files-prod.imgix.net/source/a2/apres-no.13-mochaccino-hyper-strong-5__02.png
apres-no-13-apres-mochaccino-mini	Après No.13 Après Mochaccino Mini	Après Après No.13 Mochaccino Mini	https://snuset-files-prod.imgix.net/source/74/apres-no.13-mochaccino-mini-2__02.png
apres-no-13-apres-mochaccino-normal	Après No.13 Après Mochaccino Normal	Après Après No.13 Mochaccino	https://snuset-files-prod.imgix.net/source/83/apres-no.13-mochaccino-2__02.png
apres-no-14-ski-limited-edition	Après No.14 Ski Limited Edition	Après Après No.14 Ski Limited Edition	https://snuset-files-prod.imgix.net/source/21/apres-no.14-ski-limited-edition-2__02.png
apres-no-2-apres-mint-mini	Après No.2 Après Mint - Mini	Après Après No.2 Mint Mini	https://snuset-files-prod.imgix.net/source/9d/apres-no.2-mint-mini.-2__02.png
apres-no-3-apres-lemon-curd-hyper-strong	Après No.3 Après Lemon Curd - Hypèr Strong	Après Après No.3 Lemon Curd Hypèr Strong	https://snuset-files-prod.imgix.net/source/c9/apres-no.3-lemon-curd-hyper-strong-5.png
apres-no-4-apres-cola-hyper-strong	Après No.4 Après Cola - Hypèr Strong	Après Après No.4 Cola Hypèr Strong	https://snuset-files-prod.imgix.net/source/0a/apres-no.4-cola-hyper-strong-5__02.png
apres-no-5-apres-ice-tea-peach-hyper-strong	Après No.5 Après Ice Tea Peach - Hypèr Strong	Après Après No.5 Ice Tea Peach Hypèr Strong	https://snuset-files-prod.imgix.net/source/76/apres-no.5-ice-tea-peach-hyper-strong-5__02.png
apres-no-8-apres-raspberry-liqorice-extra-strong	Après No.8 Après Raspberry Liqorice - Extra Strong	Après Après No.8 Raspberry Liqorice Extra Strong	https://snuset-files-prod.imgix.net/source/86/apres-no.8-raspberry-liqorice-extra-strong-4__02.png
apres-no-8-apres-raspberry-liqorice-hyper-strong	Après No.8 Après Raspberry Liqorice - Hypèr Strong	Après Après No.8 Raspberry Liqorice Hypèr Strong	https://snuset-files-prod.imgix.net/source/d3/apres-no.8-raspberry-liqorice-hyper-strong-5__02.png
apres-no-9-apres-cactus-lime-hyper-strong	Après No.9 Après Cactus Lime - Hypèr Strong	Après Après No.9 Cactus Lime Hypèr Strong	https://snuset-files-prod.imgix.net/source/a0/apres-no.9-cactus-lime-hyper-strong-5__02.png
apres-raspberry-liqorice-mild-mini	Après Raspberry Liqorice Mild Mini	Après Après No.8 Raspberry Liqorice Mild Mini	https://snuset-files-prod.imgix.net/source/bb/apres-no.8-raspberry-liqorice-mini-2.png
apres-raspberry-liqorice-slim	Après Raspberry Liqorice Slim	Après Après No.8 Raspberry Liqorice	https://snuset-files-prod.imgix.net/source/39/apres-no.8-raspberry-liqorice-2.png
apres-tangerine-spritz	Après Tangerine Spritz	Après Après No.10 Tangerine Spritz	https://snuset-files-prod.imgix.net/source/17/apres-tangerine-spritz.png
apres-tangerine-spritz-extra-strong	Après Tangerine Spritz Extra Strong	Après Après No.10 Tangerine Spritz Extra Strong	https://snuset-files-prod.imgix.net/source/22/apres-tangerine-spritz-4.png
apres-very-berry	Après Very Berry	Après Après No.7 Very Berry	https://snuset-files-prod.imgix.net/source/a2/apres-no.7-very-berry-2.png
bjorn-blueberry-ice-4	Björn Blueberry Ice 4	Björn Björn Blueberry Ice 4	https://snuset-files-prod.imgix.net/source/ae/bjorn-blueberry-ice-4.png
bjorn-cola-ice-4	Björn Cola Ice 4	Björn Björn Cola Ice 4	https://snuset-files-prod.imgix.net/source/fb/bjorn-cola-ice-4.png
bjorn-frozen-mint-4	Björn Frozen Mint 4	Björn Björn Frozen Mint 4	https://snuset-files-prod.imgix.net/source/9c/bjorn-frozen-mint-4.png
bjorn-ice-berry-liquorice-4	Björn Ice Berry Liquorice 4	Björn Björn Ice Berry Liquorice 4	https://snuset-files-prod.imgix.net/source/3e/bjorn-ice-berry-licorice-4.png
bjorn-rhubarb-elder-punch-4	Björn Rhubarb-Elder Punch 4	Björn Björn Rhubarb-Elder Punch 4	https://snuset-files-prod.imgix.net/source/85/bjorn-rhub-elder-punch-4.png
bjorn-watermelon-ice-4	Björn Watermelon Ice 4	Björn Björn Watermelon Ice 4	https://snuset-files-prod.imgix.net/source/2c/bjorn-watermelon-ice-4.png
camo-spicy-citrus-12-mg-pouch	Camo 'Spicy Citrus" 12 mg/pouch	Camo Camo spicy citrus 12 mg slim vitt snus	https://snuset-files-prod.imgix.net/source/82/camo-spicy-citrus-12-mg.png
chainpop-almond-vanilla	Chainpop Almond & Vanilla	Chainpop Chainpop Almond & Vanilla 3	https://snuset-files-prod.imgix.net/source/d0/chainpop-almond-vanilla-3.png
chainpop-apple-cinnamon	Chainpop Apple & Cinnamon	Chainpop Chainpop Apple & Cinnamon 3	https://snuset-files-prod.imgix.net/source/86/chainpop-apple-cinnamon-3.png
chainpop-cherry-chili	Chainpop Cherry & Chili	Chainpop Chainpop Cherry & Chili 3	https://snuset-files-prod.imgix.net/source/39/chainpop-cherry-chili-3.png
chainpop-lychee-coconut	Chainpop Lychee & Coconut	Chainpop Chainpop Lychee & Coconut 2	https://snuset-files-prod.imgix.net/source/31/chainpop-lychee-coconut-2.png
chainpop-peach-honey	Chainpop Peach & Honey	Chainpop Chainpop Peach & Honey 3	https://snuset-files-prod.imgix.net/source/b1/chainpop-peach-honey-3.png
chainpop-peppermint-ice	Chainpop Peppermint & Ice	Chainpop Chainpop Peppermint & Ice 3	https://snuset-files-prod.imgix.net/source/e9/chainpop-peppermint-ice-4.png
chainpop-pomegranate-melon	Chainpop Pomegranate & Melon	Chainpop Chainpop Pomegranate & Melon 3	https://snuset-files-prod.imgix.net/source/71/chainpop-pomegranate-melon-3.png
chainpop-rasberry-lemon	Chainpop Rasberry & Lemon	Chainpop Chainpop Raspberry & Lemon 2	https://snuset-files-prod.imgix.net/source/5d/chainpop-raspberry-lemon-2.png
chainpop-violet-cactus	Chainpop Violet & Cactus	Chainpop Chainpop Violet & Cactus 2	https://snuset-files-prod.imgix.net/source/87/chainpop-violet-cactus-2.png
coco-blue-razz	Coco Blue Razz	Coco Coco Blue Razz 3	https://snuset-files-prod.imgix.net/source/95/coco-blue-razz-3.png
coco-clean-peach	Coco Clean Peach	Coco Coco Clean Peach 3	https://snuset-files-prod.imgix.net/source/aa/coco-clean-peach-3.png
coco-mighty-colada	Coco Mighty Colada	Coco Coco Mighty Colada 4	https://snuset-files-prod.imgix.net/source/b8/coco-mighty-colada-4.png
coco-mighty-fresh	Coco Mighty Fresh	Coco Coco Mighty Fresh 4	https://snuset-files-prod.imgix.net/source/79/coco-mighty-fresh-4.png
coco-mighty-lemonade	Coco Mighty Lemonade	Coco Coco Mighty Lemonade Stark	https://snuset-files-prod.imgix.net/source/dd/coco-mighty-lemonade-4.png
coco-mighty-mango	Coco Mighty Mango	Coco Coco Mighty Mango Stark	https://snuset-files-prod.imgix.net/source/32/coco-mighty-mango-4.png
coco-natural-mint	Coco Natural Mint	Coco Coco Natural Mint 3	https://snuset-files-prod.imgix.net/source/14/coco-natural-mint-3.png
coco-tropical-mango	Coco Tropical Mango	Coco Coco Tropical Mango 3	https://snuset-files-prod.imgix.net/source/59/coco-tropical-mango-3.png
cream-cold-as-ice-cool-mint-2	Cream Cold As Ice Cool Mint 2	Cream Cream Cold As Ice Cool Mint 2	https://snuset-files-prod.imgix.net/source/85/cream-cold-as-ice-cool-mint.png
cream-cold-as-ice-cool-mint-x-strong	Cream Cold As Ice Cool Mint X-Strong	Cream Cream Cold As Ice Cool Mint X-Strong	https://snuset-files-prod.imgix.net/source/63/cream-cool-mint-x-strong.png
cream-energy-cold-as-ice	Cream Energy Cold As Ice	Cream Cream Energy Cold As Ice	https://snuset-files-prod.imgix.net/source/f7/cream-energy-cold-as-ice-cool-mint.png
cream-lemon-head-lemon-flavor-2	Cream Lemon Head Lemon Flavor 2	Cream Cream Lemon Head 2	https://snuset-files-prod.imgix.net/source/25/cream-lemon-head-2.png
cream-lemon-head-lemon-flavor-x-strong	Cream Lemon Head Lemon Flavor X-Strong	Cream Cream Lemon Head X-Strong 4	https://snuset-files-prod.imgix.net/source/39/cream-lemon-head-4.png
cream-mango-man-fresh-mango-2	Cream Mango Man Fresh Mango 2	Cream Cream Mango Man Fresh Mango 2	https://snuset-files-prod.imgix.net/source/6a/cream-mango-man-2.png
cream-mango-man-fresh-mango-x-strong	Cream Mango Man Fresh Mango X-Strong	Cream Cream Mango Man Fresh Mango X-Strong	https://snuset-files-prod.imgix.net/source/44/cream-mango-man-4.png
fix-blueberry-ice-5	FIX Blueberry Ice #5	Fix FIX Blueberry Ice #5 Stark Slim	https://snuset-files-prod.imgix.net/source/2f/fix-blueberry-ice-5-stark-slim.png
fix-chai-latte-3	FIX Chai Latte #3	Fix FIX Chai Latte #3 Slim	https://snuset-files-prod.imgix.net/source/ed/fix-chai-latte-3-slim.png
fix-cherry-blossom-5	FIX Cherry Blossom #5	Fix FIX Cherry Blossom #5 Stark Slim	https://snuset-files-prod.imgix.net/source/67/fix-cherry-blossom-5-stark-slim.png
fix-fig-raspberry-3	FIX Fig Raspberry #3	Fix FIX Fig Raspberry #3 Slim	https://snuset-files-prod.imgix.net/source/3f/fix-fig-raspberry-3-slim.png
fix-green-mango-lemongrass-5	FIX Green Mango Lemongrass #5	Fix FIX Green Mango Lemongrass #5 Stark Slim	https://snuset-files-prod.imgix.net/source/e2/fix-green-mango-lemongrass-5-stark-slim.png
fix-pineapple-rum-coconut-4	FIX Pineapple Rum Coconut #4	Fix FIX Pineapple Rum Coconut #4 Slim	https://snuset-files-prod.imgix.net/source/77/fix-pineapple-rum-coconut-4-slim.png
fix-strawberry-kiwi-4	FIX Strawberry Kiwi #4	Fix FIX Strawberry Kiwi #4 Slim	https://snuset-files-prod.imgix.net/source/c5/fix-strawberry-kiwi-4-slim.png
fix-watermelon-ice-5	FIX Watermelon Ice #5	Fix FIX Watermelon Ice #5 Stark Slim	https://snuset-files-prod.imgix.net/source/e7/fix-watermelon-ice-5-stark-slim.png
fumi-fiery-mango-strong-4	Fumi Fiery Mango Strong 4	Fumi FUMi Fiery Mango Strong 4	https://snuset-files-prod.imgix.net/source/3d/fumi-fiery-mango-strong-4.png
fumi-fiery-mango-strong-4-co	Fumi Fiery Mango Strong 4 CO	Fumi FUMi Fiery Mango Strong 4	https://snuset-files-prod.imgix.net/source/3d/fumi-fiery-mango-strong-4.png
fumi-freezy-mint-extra-strong-5	Fumi Freezy Mint Extra Strong 5	Fumi FUMi Freezy Mint Extra Strong 5	https://snuset-files-prod.imgix.net/source/07/fumi-freezy-mint-extra-strong-5.png
fumi-freezy-mint-regular-3	Fumi Freezy Mint Regular 3	Fumi FUMi Freezy Mint Regular 3	https://snuset-files-prod.imgix.net/source/65/fumi-freezy-mint-regular-3.png
fumi-minty-blueberry-strong-4	Fumi Minty Blueberry Strong 4	Fumi FUMi Spearmint Strong 4	https://snuset-files-prod.imgix.net/source/bc/fumi-spearmint-strong-4.png
fumi-prickly-pear-strong-4	Fumi Prickly Pear Strong 4	Fumi FUMi Prickly Pear Strong 4	https://snuset-files-prod.imgix.net/source/ff/fumi-prickly-pear-strong-4.png
fumi-salty-raspberry-regular-3	Fumi Salty Raspberry Regular 3	Fumi FUMi Salty Raspberry 3	https://snuset-files-prod.imgix.net/source/e3/fumi-salty-raspberry-3.png
fumi-salty-violet-strong-4	Fumi Salty Violet Strong 4	Fumi FUMi Salty Violet Strong 3	https://snuset-files-prod.imgix.net/source/7b/salty-violet-3.png
fumi-tangy-apple-strong-4	Fumi Tangy Apple Strong 4	Fumi FUMi Spearmint Strong 4	https://snuset-files-prod.imgix.net/source/bc/fumi-spearmint-strong-4.png
fumi-tangy-strawberry-regular-3	Fumi Tangy Strawberry Regular 3	Fumi FUMi Strawberry 3	https://snuset-files-prod.imgix.net/source/9a/fumi-strawberry-3.jpg
fumi-tangy-strawberry-strong-4	Fumi Tangy Strawberry Strong 4	Fumi FUMi Spearmint Strong 4	https://snuset-files-prod.imgix.net/source/bc/fumi-spearmint-strong-4.png
fumi-zingy-ginger-regular-3	Fumi Zingy Ginger Regular 3	Fumi FUMi Zingy Ginger Regular 3	https://snuset-files-prod.imgix.net/source/57/fumi-zingy-ginger-regular-3.png
fumi-zingy-ginger-strong-4	Fumi Zingy Ginger Strong 4	Fumi FUMi Zingy Ginger Strong 4	https://snuset-files-prod.imgix.net/source/6a/fumi-zingy-ginger-strong-4.png
goat-blueberry-16	GOAT Blueberry #16	GOAT GOAT Blueberry #16	https://snuset-files-prod.imgix.net/source/f4/goat-blueberry-16.png
goat-cool-mint-16	GOAT Cool Mint #16	GOAT GOAT Cool Mint #16	https://snuset-files-prod.imgix.net/source/ee/goat-cool-mint-16.png
goat-crystal-ice-16	GOAT Crystal Ice #16	GOAT GOAT Crystal Ice #16	https://snuset-files-prod.imgix.net/source/92/goat-crystal-ice-16.png
goat-frosted-16	GOAT Frosted #16	GOAT GOAT Frosted #16	https://snuset-files-prod.imgix.net/source/23/goat-frosted-16.png
goat-wild-cherry-16	GOAT Wild Cherry #16	GOAT GOAT Wild Cherry #16	https://snuset-files-prod.imgix.net/source/48/goat-wild-cherry-16.png
greatest-arctic-edition-frosty-rage-3	Greatest Arctic Edition Frosty Rage 3	Greatest Greatest Arctic Edition Frosty Rage 3	https://snuset-files-prod.imgix.net/source/2b/greatest-arctic-edition-3.png
greatest-cold-dry-16-mg-5	Greatest Cold Dry 16 mg 5	Greatest Greatest Cold Dry 16 mg 5	https://snuset-files-prod.imgix.net/source/81/greatest-cold-dry-5.png
greatest-cold-dry-8-mg-3	Greatest Cold Dry 8 mg 3	Greatest Greatest Cold Dry 8 mg 3	https://snuset-files-prod.imgix.net/source/54/greatest-cold-dry-white-gold-3.png
greatest-lemonade-edition-rage-lemonade-3	Greatest Lemonade Edition Rage Lemonade 3	Greatest Greatest Lemonade Edition Rage Lemonade 3	https://snuset-files-prod.imgix.net/source/b1/greatest-lemonade-edition-3.png
greatest-wasted-mango	Greatest Wasted Mango	Greatest Greatest Wasted Mango	https://snuset-files-prod.imgix.net/source/38/greatest-wasted-mango-4.png
greatest-xl-extra-large-5	Greatest XL Extra Large 5	Greatest Greatest XL Extra Large 5	https://snuset-files-prod.imgix.net/source/87/greatest-cold-dry-xl-5.png
helwit-banana-2	Helwit Banana 2	Helwit Helwit Banana 2	https://snuset-files-prod.imgix.net/source/8f/helwit-banana-2.png
helwit-banana-2-co	Helwit Banana 2 CO	Helwit Helwit Banana 2	https://snuset-files-prod.imgix.net/source/8f/helwit-banana-2.png
helwit-banana-extra-strong	Helwit Banana Extra Strong	Helwit Helwit Banana Extra Strong	https://snuset-files-prod.imgix.net/source/9f/helwit-banana-extra-strong.png
helwit-blueberry	Helwit Blueberry	Helwit Helwit Blueberry 3	https://snuset-files-prod.imgix.net/source/58/helwit-blueberry-3.png
helwit-blueberry-extra-strong	Helwit Blueberry Extra Strong	Helwit Helwit Blueberry Extra Strong	https://snuset-files-prod.imgix.net/source/3e/helwit-blueberry-extra-strong-1.png
helwit-cherry	Helwit Cherry	Helwit Helwit Cherry 3	https://snuset-files-prod.imgix.net/source/2e/helwit-cherry-3.png
helwit-cola	Helwit Cola	Helwit Helwit Cola 2	https://snuset-files-prod.imgix.net/source/74/helwit-cola-2.png
helwit-cola-extra-strong	Helwit Cola Extra Strong	Helwit Helwit Cola Extra Strong	https://snuset-files-prod.imgix.net/source/a6/helwit-cola-extra-strong.png
helwit-mint	Helwit Mint	Helwit Helwit Mint 2	https://snuset-files-prod.imgix.net/source/28/helwit-mint-2.png
helwit-mocha	Helwit Mocha	Helwit Helwit Mocha 3	https://snuset-files-prod.imgix.net/source/31/helwit-mocha-3.png
helwit-mocha-extra-strong	Helwit Mocha Extra Strong	Helwit Helwit Mocha Extra Strong	https://snuset-files-prod.imgix.net/source/66/helwit-mocha-extra-strong.png
helwit-orange	Helwit Orange	Helwit Helwit Orange 3	https://snuset-files-prod.imgix.net/source/22/helwit-orange-3.png
helwit-raspberry-liquorice-slim	Helwit Raspberry Liquorice Slim	Helwit Helwit Raspberry Liquorice 2	https://snuset-files-prod.imgix.net/source/b2/helwit-raspberry-liquorice-2.png
helwit-strawberry	Helwit Strawberry	Helwit Helwit Strawberry 3	https://snuset-files-prod.imgix.net/source/96/helwit-strawberry-3.png
helwit-violet	Helwit Violet	Helwit Helwit Violet 2	https://snuset-files-prod.imgix.net/source/08/helwit-violet-2.png
helwit-watermelon	Helwit Watermelon	Helwit Helwit Watermelon 2	https://snuset-files-prod.imgix.net/source/6c/helwit-watermelon-2.png
ice-cola-slush-16-5-mg-g-11-55-mg-pouch	ICE Cola Slush 16,5 MG/G - 11,55 MG/pouch	ICE ICE Cola Slush 11,55 mg	https://snuset-files-prod.imgix.net/source/d4/ice-cola-slush-slim-extra-strong.png
ice-cool-mint-12-mg-g-6-mg-pouch	ICE Cool Mint 12 MG/G - 6 MG/pouch	ICE ICE Cool Mint 6 mg	https://snuset-files-prod.imgix.net/source/b9/ice-cool-mint-slim-strong.png
ice-cool-mint-16-5-mg-g-11-55-mg-pouch	ICE Cool Mint 16,5 MG/G - 11,55 MG/pouch	ICE ICE Cool Mint 11,55 mg	https://snuset-files-prod.imgix.net/source/c5/ice-cool-mint-slim-extra-strong.png
ice-freeze-16-5-mg-g-11-55-mg-pouch	ICE Freeze 16,5 MG/G - 11,55 MG/pouch	ICE ICE Freeze 11,55 mg	https://snuset-files-prod.imgix.net/source/f1/ice-freeze-slim-extra-strong.png
ice-jalapeno-lime-16-5-mg-g-11-55-mg-pouch	ICE Jalapeño Lime 16,5 MG/G - 11,55 MG/pouch	ICE ICE Jalapeño Lime 11,55 mg	https://snuset-files-prod.imgix.net/source/0f/ice-jalapeno-lime-slim-extra-strong.png
ice-reaper-xl-16-5-mg-g-16-5-mg-pouch	ICE Reaper XL 16,5 MG/G - 16,5 MG/pouch	ICE ICE Reaper 16,5 mg	https://snuset-files-prod.imgix.net/source/b7/ice-reaper-xl-super-strong.png
kelly-white-cool-mint	Kelly White Cool Mint	Kelly White Kelly White Cool Mint	https://snuset-files-prod.imgix.net/source/64/kelly-white-cool-mint-slim-2.png
kelly-white-hot-cherry-slim	Kelly White Hot Cherry Slim	Kelly White Kelly White Hot Cherry 4	https://snuset-files-prod.imgix.net/source/2d/kelly-white-hot-cherry-slim-4.png
kelly-white-raspberry-lemon-mini	Kelly White Raspberry Lemon Mini	Kelly White Kelly White Raspberry Lemon Mini	https://snuset-files-prod.imgix.net/source/57/kelly-white-raspberry-lemon-mini-3.png
kelly-white-sparkling-strawberry	Kelly White Sparkling Strawberry	Kelly White Kelly White Sparkling Strawberry	https://snuset-files-prod.imgix.net/source/56/kelly-white-sparkling-strawberry-mini__02.png
kelly-white-sweet-melon-mint	Kelly White Sweet Melon Mint	Kelly White Kelly White Sweet Melon Mint	https://snuset-files-prod.imgix.net/source/08/kelly-white-sweet-melon-mint-slim-3.png
kelly-white-sweet-peppermint	Kelly White Sweet Peppermint	Kelly White Kelly White Sweet Peppermint	https://snuset-files-prod.imgix.net/source/8d/kelly-white-sweet-peppermint-5.png
klar-blank-regular-mini	KLAR Blank Regular Mini	Klar KLAR Blank Regular Mini	https://snuset-files-prod.imgix.net/source/3c/klar-blank-mini-regular.png
klar-blank-strong-mini	KLAR Blank Strong Mini	Klar KLAR Blank Strong Mini	https://snuset-files-prod.imgix.net/source/8a/klar-blank-mini-strong.png
klar-mint-regular-mini	KLAR Mint Regular Mini	Klar KLAR Mint Regular Mini	https://snuset-files-prod.imgix.net/source/7e/klar-mint-mini-regular.png
klar-mint-strong-mini	KLAR Mint Strong Mini	Klar KLAR Mint Strong Mini	https://snuset-files-prod.imgix.net/source/2d/klar-mint-mini-strong.png
klint-apple-mint-5	Klint Apple Mint 5	Klint Klint Apple Mint Stark Slim	https://snuset-files-prod.imgix.net/source/ab/klint-apple-mint-5-slim.png
klint-arctic-mint	Klint Arctic Mint	Klint Klint Arctic Mint Stark Slim	https://snuset-files-prod.imgix.net/source/9f/klint-arctic-mint-5-slim.png
klint-blaklint-5	Klint Blåklint 5	Klint Klint Blåklint Stark Slim	https://snuset-files-prod.imgix.net/source/7f/klint-blaklint-x-strong-5.png
klint-blaklint-stark-mini	Klint Blåklint Stark Mini	Klint Klint Blåklint Mini	https://snuset-files-prod.imgix.net/source/c0/klint-blaklint-mini-3.png
klint-breeze-mint	Klint Breeze Mint	Klint Klint Breeze Mint	https://snuset-files-prod.imgix.net/source/67/klint-breeze-mint-2-slim.png
klint-breeze-mint-2	Klint Breeze Mint 2	Klint Klint Breeze Mint	https://snuset-files-prod.imgix.net/source/67/klint-breeze-mint-2-slim.png
klint-cola-lime-4	Klint Cola Lime 4	Klint Klint Cola Lime Stark Slim	https://snuset-files-prod.imgix.net/source/55/klint-cola-limet-4-slim.png
klint-freeze-mint-stark	Klint Freeze Mint Stark	Klint Klint Freeze Mint Stark	https://snuset-files-prod.imgix.net/source/26/klint-freeze-mint-4-slim.png
klint-fresh-lime-2	Klint Fresh Lime 2	Klint Klint Fresh Lime Mild Slim	https://snuset-files-prod.imgix.net/source/f9/klint-fresh-lime-2.png
klint-honeymelon	Klint Honeymelon	Klint Klint Honeymelon	https://snuset-files-prod.imgix.net/source/e1/klint-honeymelon-2.png
klint-liquorice	Klint Liquorice	Klint Klint Liquorice	https://snuset-files-prod.imgix.net/source/36/klint-liquorice-3.png
klint-passionfruit	Klint Passionfruit	Klint Klint Passionfruit	https://snuset-files-prod.imgix.net/source/e5/klint-passionfruit-2.png
klint-pink-grapefruit-4	Klint Pink Grapefruit 4	Klint Klint Pink Grapefruit Stark Slim	https://snuset-files-prod.imgix.net/source/4f/klint-pink-grapefruit-strong-4.png
klint-polar-mint	Klint Polar Mint	Klint Klint Polar Mint	https://snuset-files-prod.imgix.net/source/a0/klint-polar-mint-3-slim.png
klint-pomegranate-2	Klint Pomegranate 2	Klint Klint Pomegranate Mild Slim	https://snuset-files-prod.imgix.net/source/49/klint-pomegranate-2.png
klint-rose-mini	Klint Rosé Mini	Klint Klint Rosé Mini	https://snuset-files-prod.imgix.net/source/37/klint-rose-mini-2.png
klint-white-mulberry-1	Klint White Mulberry 1	Klint Klint White Mulberry Mild Slim	https://snuset-files-prod.imgix.net/source/ab/klint-white-mulberry-1.png
lewa-citrus-mint	Lewa Citrus Mint	Lewa LEWA Citrus Mint	https://snuset-files-prod.imgix.net/source/36/lewa-citrus-mint-3.png
lewa-classic-liquorice	Lewa Classic Liquorice	Lewa LEWA Classic Liquorice	https://snuset-files-prod.imgix.net/source/df/lewa-classic-liquorice-3.png
lewa-classic-taste-of-tobacco	Lewa Classic Taste of Tobacco	Lewa LEWA Classic Taste of Tobacco	https://snuset-files-prod.imgix.net/source/be/lewa-classic-taste-of-tobacco-3.png
lewa-cucumber-mint	Lewa Cucumber Mint	Lewa LEWA Cucumber Mint	https://snuset-files-prod.imgix.net/source/97/lewa-cucumber-mint-3.png
lewa-wintermint	Lewa Wintermint	Lewa LEWA Wintermint	https://snuset-files-prod.imgix.net/source/b2/lewa-wintermint-3.png
loop-studio-hot-peach	Loop *Studio* Hot Peach	Loop Loop Hot Peach Strong	https://snuset-files-prod.imgix.net/source/0b/loop-hot-peach-strong.png
loop-blueberry-ice-strong	Loop Blueberry Ice Strong	Loop Loop Blueberry Ice Strong	https://snuset-files-prod.imgix.net/source/51/loop-blueberry-ice-strong-3__02.png
loop-creamy-cappuccino	Loop Creamy Cappuccino	Loop Loop Creamy Cappuccino Strong	https://snuset-files-prod.imgix.net/source/86/loop-creamy-cappuccino-strong-3__02.png
loop-creamy-cappuccino-mini	Loop Creamy Cappuccino Mini	Loop Loop Creamy Cappuccino Mini 2	https://snuset-files-prod.imgix.net/source/40/loop-creamy-cappuccino-mini-2__03.png
loop-fresh-peppermint-hyper-strong	Loop Fresh Peppermint Hyper Strong	Loop Loop Fresh Peppermint Hyper Strong	https://snuset-files-prod.imgix.net/source/37/loop-fresh-peppermint-hyper-strong__03.png
loop-fresh-peppermint-mini-hyper-strong	Loop Fresh Peppermint Mini Hyper Strong	Loop Loop Fresh Peppermint Hyper Strong Mini	https://snuset-files-prod.imgix.net/source/a3/loop-fresh-peppermint-mini-hyper-strong.png
loop-fresh-peppermint-mini-hyper-strong-co	Loop Fresh Peppermint Mini Hyper Strong CO	Loop Loop Fresh Peppermint Hyper Strong Mini	https://snuset-files-prod.imgix.net/source/a3/loop-fresh-peppermint-mini-hyper-strong.png
loop-fresh-spearmint-hyper-strong	Loop Fresh Spearmint Hyper Strong	Loop Loop Fresh Spearmint Hyper Strong Slim	https://snuset-files-prod.imgix.net/source/e9/loop-fresh-spearmint-hyper-strong-1.png
loop-fresh-spearmint-mini-hyper-strong	Loop Fresh Spearmint Mini Hyper Strong	Loop Loop Fresh Spearmint Hyper Strong Mini	https://snuset-files-prod.imgix.net/source/a5/loop-fresh-spearmint-mini-hyper-strong__03.png
loop-fresh-spearmint-mini-hyper-strong-co	Loop Fresh Spearmint Mini Hyper Strong CO	Loop Loop Fresh Spearmint Hyper Strong Mini	https://snuset-files-prod.imgix.net/source/a5/loop-fresh-spearmint-mini-hyper-strong__03.png
loop-habanero-mint-extra-stark	Loop Habanero Mint Extra Stark	Loop Loop Habanero Mint Extra Strong	https://snuset-files-prod.imgix.net/source/1b/loop-habanero-mint-extra-strong-4__02.png
loop-habanero-mint-hyper-strong	Loop Habanero Mint Hyper Strong	Loop Loop Habanero Mint Hyper Strong	https://snuset-files-prod.imgix.net/source/4e/loop-habanero-mint-hyper-strong__02.png
loop-hot-mango-extra-strong	Loop Hot Mango Extra Strong	Loop Loop Hot Mango Extra Strong	https://snuset-files-prod.imgix.net/source/ae/loop-hot-mango-extra-strong-4__02.png
loop-hot-mango-stark	Loop Hot Mango Stark	Loop Loop Hot Mango Strong	https://snuset-files-prod.imgix.net/source/f2/loop-hot-mango-strong-3__02.png
loop-hot-peach-hyper-strong	Loop Hot Peach Hyper Strong	Loop Loop Hot Peach Hyper Strong	https://snuset-files-prod.imgix.net/source/6f/loop-hot-peach-hyper-strong__02.png
loop-hot-peach-mini	Loop Hot Peach Mini	Loop Loop Hot Peach Mini 2	https://snuset-files-prod.imgix.net/source/66/loop-hot-peach-mini-2__03.png
loop-hot-rhubarb	Loop Hot Rhubarb	Loop Loop Hot Rhubarb Strong	https://snuset-files-prod.imgix.net/source/0e/loop-hot-rhubarb-strong-3__02.png
loop-ice-cool-mint-hyper-strong	Loop Ice Cool Mint Hyper Strong	Loop Loop Ice Cool Mint Hyper Strong	https://snuset-files-prod.imgix.net/source/7d/loop-ice-cool-mint-hyper-strong__02.png
loop-ice-cool-mint-strong	Loop Ice Cool Mint Strong	Loop Loop Ice Cool Mint Strong	https://snuset-files-prod.imgix.net/source/95/loop-ice-cool-mint-strong-3__02.png
loop-jalapeno-lime-medium	Loop Jalapeno Lime Medium	Loop Loop Jalapeño Lime Medium	https://snuset-files-prod.imgix.net/source/67/loop-jalapeno-lime-2__02.png
loop-jalapeno-lime-extra-stark	Loop Jalapeño Lime Extra Stark	Loop Loop Jalapeño Lime Extra Strong	https://snuset-files-prod.imgix.net/source/35/loop-jalapeno-lime-extra-strong-4__02.png
loop-jalapeno-lime-hyper-strong	Loop Jalapeño Lime Hyper Strong	Loop Loop Jalapeño Lime Hyper Strong	https://snuset-files-prod.imgix.net/source/47/loop-jalapeno-lime-hyper-strong__02.png
loop-jalapeno-lime-mini	Loop Jalapeño Lime Mini	Loop Loop Jalapeño Lime Mini 2	https://snuset-files-prod.imgix.net/source/e3/loop-jalapeno-lime-mini-2__03.png
loop-licorice-fusion-extra-strong	Loop Licorice Fusion Extra Strong	Loop Loop Licorice Fusion Extra Strong	https://snuset-files-prod.imgix.net/source/da/loop-licorice-fusion-extra-strong-4__02.png
loop-licorice-fusion-mini	Loop Licorice Fusion Mini	Loop Loop Licorice Fusion Mini	https://snuset-files-prod.imgix.net/source/b9/loop-licorice-fusion-mini-2__02.png
loop-licorice-fusion-stark	Loop Licorice Fusion Stark	Loop Loop Licorice Fusion Strong	https://snuset-files-prod.imgix.net/source/e2/loop-licorice-fusion-strong-3__02.png
loop-red-chili-melon-extra-stark	Loop Red Chili Melon Extra Stark	Loop Loop Red Chili Melon Extra Strong	https://snuset-files-prod.imgix.net/source/ac/loop-red-chili-melon-extra-strong-4__02.png
loop-red-chili-melon-hyper-strong	Loop Red Chili Melon Hyper Strong	Loop Loop Red Chili Melon Hyper Strong	https://snuset-files-prod.imgix.net/source/eb/loop-red-chili-melon-hyper-strong__02.png
loop-red-chili-melon-medium	Loop Red Chili Melon Medium	Loop Loop Red Chili Melon Medium	https://snuset-files-prod.imgix.net/source/11/loop-red-chili-melon-2__02.png
loop-red-chili-melon-mini	Loop Red Chili Melon Mini	Loop Loop Red Chili Melon Mini 2	https://snuset-files-prod.imgix.net/source/40/loop-red-chili-melon-mini-2__03.png
loop-smooth-mint-extra-strong	Loop Smooth Mint Extra Strong	Loop Loop Smooth Mint Extra Strong	https://snuset-files-prod.imgix.net/source/0b/loop-smooth-mint-extra-strong-4.png
loop-smooth-mint-hyper-strong	Loop Smooth Mint Hyper Strong	Loop Loop Smooth Mint Hyper Strong	https://snuset-files-prod.imgix.net/source/d5/loop-smooth-mint-hyper-strong.png
loop-smooth-mint-mini-hyper-strong	Loop Smooth Mint Mini Hyper Strong	Loop Loop Smooth Mint Mini Hyper Strong	https://snuset-files-prod.imgix.net/source/7d/loop-smooth-mint-mini-hyper-strong__03.png
loop-smooth-mint-strong	Loop Smooth Mint Strong	Loop Loop Smooth Mint Strong	https://snuset-files-prod.imgix.net/source/15/loop-smooth-mint-strong-3.png
loop-spicy-apple-hyper-strong-limited-edition	Loop Spicy Apple Hyper Strong Limited Edition	Loop Loop Spicy Apple Hyper Strong Limited Edition	https://snuset-files-prod.imgix.net/source/a2/loop-spicy-apple-hyper-strong__02.png
loop-spicy-apple-strong	Loop Spicy Apple Strong	Loop Loop Spicy Apple Strong	https://snuset-files-prod.imgix.net/source/8a/loop-spicy-apple-strong-3.png
loop-strawberry-ice-strong	Loop Strawberry Ice Strong	Loop Loop Strawberry Ice Strong	https://snuset-files-prod.imgix.net/source/92/loop-strawberry-ice-strong-3.png
lundgrens-hostaker	Lundgrens Höståker	Lundgrens Lundgrens Höståker	https://snuset-files-prod.imgix.net/source/aa/lundgrens-hoestaker-3.png
lundgrens-morgonljus-seasonal-edition	Lundgrens Morgonljus Seasonal Edition	Lundgrens Lundgrens Morgonljus Seasonal Edition	https://snuset-files-prod.imgix.net/source/29/lundgrens-morgonljus-seasonal-edition-2.png
lundgrens-manskara	Lundgrens Månskära	Lundgrens Lundgrens Månskära	https://snuset-files-prod.imgix.net/source/33/lundgrens-manskaera-2.png
lundgrens-mork	Lundgrens Mörk	Lundgrens Lundgrens Mörk	https://snuset-files-prod.imgix.net/source/61/lundgrens-moerk-2.png
lundgrens-mork-stark	Lundgrens Mörk Stark	Lundgrens Lundgrens Mörk Stark	https://snuset-files-prod.imgix.net/source/aa/lundgrens-moerk-stark-5.png
lynx-blueberry-boost	Lynx Blueberry Boost	Lynx Lynx Blueberry Boost Strong	https://snuset-files-prod.imgix.net/source/87/lynx-blueberry-strong-3.png
maverick-natural-mint-berry-valley-adventure-4-berry-valley	Maverick Natural Mint Berry Valley Adventure 4 Berry Valley	Maverick Maverick Natural Mint Berry Valley Adventure 4	https://snuset-files-prod.imgix.net/source/7c/maverick-natural-mint-berry-valley-adventure-4.png
maverick-natural-mint-frost-wood-adventure-4	Maverick Natural Mint Frost Wood Adventure 4	Maverick Maverick Natural Mint Frost Wood Adventure 4	https://snuset-files-prod.imgix.net/source/d1/maverick-natural-mint-frost-wood-adventure-4.png
maverick-natural-mint-sicilian-sunset-adventure-4	Maverick Natural Mint Sicilian Sunset Adventure 4	Maverick Maverick Natural Mint Sicilian Sunset Adventure 4	https://snuset-files-prod.imgix.net/source/9c/maverick-natural-mint-sicilian-sunset-adventure-4.png
neoz-apple-mint	Neoz Apple Mint	Neoz Neoz Apple Mint	https://snuset-files-prod.imgix.net/source/0f/neoz-apple-mint.png
noat-cold-mint-10mg	NOAT Cold mint 10mg	NOAT NOAT Cold mint 10mg	https://snuset-files-prod.imgix.net/source/e2/noat-cold-mint-10mg-.png
noat-ginger-peach-7mg	NOAT Ginger Peach 7mg	NOAT NOAT Ginger Peach 7 mg	https://snuset-files-prod.imgix.net/source/54/noat-ginger-peach-7-mg.png
noat-matcha-7mg	NOAT Matcha 7mg	NOAT NOAT Matcha 7mg	https://snuset-files-prod.imgix.net/source/3a/noat-matcha-7mg.png
noat-peppermint-7mg	NOAT Peppermint 7mg	NOAT NOAT Peppermint 7mg	https://snuset-files-prod.imgix.net/source/7b/noat-peppermint-7mg.png
noat-spearmint-4mg	NOAT Spearmint 4mg	NOAT NOAT Spearmint 4mg	https://snuset-files-prod.imgix.net/source/06/noat-spearmint-4mg.png
noat-spicy-lime-7mg	NOAT Spicy Lime 7mg	NOAT NOAT Spicy Lime 7mg	https://snuset-files-prod.imgix.net/source/74/noat-spicy-lime-7mg.png
noat-spicy-melon-7mg	NOAT Spicy Melon 7mg	NOAT NOAT Spicy Melon 7mg	https://snuset-files-prod.imgix.net/source/0b/noat-spicy-melon-7mg.png
on-berry-3mg-mini	On! Berry 3mg Mini	On! On! Berry 3mg Mini	https://snuset-files-prod.imgix.net/source/ff/on-berry-regular-2.png
on-coffee-3mg-mini	On! Coffee 3mg Mini	On! On! Coffee 3mg Mini	https://snuset-files-prod.imgix.net/source/d0/on-coffee-regular-2.png
on-coffee-6mg-mini	On! Coffee 6mg Mini	On! On! Coffee 6mg Mini	https://snuset-files-prod.imgix.net/source/9c/on-coffee-strong-3.png
on-licorice-3mg-mini	On! Licorice 3mg Mini	On! On! Licorice 3mg Mini	https://snuset-files-prod.imgix.net/source/30/on-licorice-regular-2.png
on-licorice-6mg-extra-stark-mini	On! Licorice 6mg Extra Stark Mini	On! On! Licorice 6mg Mini	https://snuset-files-prod.imgix.net/source/70/on-licorice-strong-3.png
on-mint-3mg-mini	On! Mint 3mg Mini	On! On! Mint 3mg Mini	https://snuset-files-prod.imgix.net/source/ed/on-mint-regular-2.png
on-mint-6mg-extra-stark-mini	On! Mint 6mg Extra Stark Mini	On! On! Mint 6mg	https://snuset-files-prod.imgix.net/source/3e/on-mint-strong-3.png
on-mint-9mg-extra-stark-mini	On! Mint 9mg Extra Stark Mini	On! On! Mint 9mg Mini	https://snuset-files-prod.imgix.net/source/c9/on-mint-extra-strong-4.png
on-spearmint-3mg-mini	On! Spearmint 3mg Mini	On! On! Spearmint 3mg Mini	https://snuset-files-prod.imgix.net/source/d4/on-spearmint-regular-2.png
on-tropical-spice-3mg-mini	On! Tropical Spice 3mg Mini	On! On! Tropical Spice 3mg Mini	https://snuset-files-prod.imgix.net/source/29/on-tropical-spice-regular-2.png
on-tropical-spice-6mg-extra-stark-mini	On! Tropical Spice 6mg Extra Stark Mini	On! On! Tropical Spice 6mg Mini	https://snuset-files-prod.imgix.net/source/a1/on-tropical-spice-strong-3.png
on-plus-berry-regular-2	On! Plus Berry Regular 2	On! Plus On! Plus Berry Regular 2	https://snuset-files-prod.imgix.net/source/66/on-plus-berry-regular-2.png
on-plus-berry-strong-3	On! Plus Berry Strong 3	On! Plus On! Plus Berry Strong 3	https://snuset-files-prod.imgix.net/source/c9/on-plus-berry-strong-3.png
on-plus-citrus-regular-2	On! Plus Citrus Regular 2	On! Plus On! Plus Citrus Regular 2	https://snuset-files-prod.imgix.net/source/f9/on-plus-citrus-regular-2.png
on-plus-citrus-strong-3	On! Plus Citrus Strong 3	On! Plus On! Plus Citrus Strong 3	https://snuset-files-prod.imgix.net/source/ea/on-plus-citrus-strong-3.png
on-plus-mint-extra-strong-4	On! Plus Mint Extra Strong 4	On! Plus On! Plus Mint Extra Strong 4	https://snuset-files-prod.imgix.net/source/40/on-plus-mint-extra-strong-4.png
on-plus-mint-regular-2	On! Plus Mint Regular 2	On! Plus On! Plus Mint Regular 2	https://snuset-files-prod.imgix.net/source/8b/on-plus-mint-regular-2.png
on-plus-mint-strong-3	On! Plus Mint Strong 3	On! Plus On! Plus Mint Strong 3	https://snuset-files-prod.imgix.net/source/0f/on-plus-mint-strong-3.png
on-plus-raspberry-lemon-extra-strong-4	On! Plus Raspberry Lemon Extra Strong 4	On! Plus On! Plus Raspberry Lemon Extra Strong 4	https://snuset-files-prod.imgix.net/source/b5/on-plus-raspberry-lemon-extra-strong-4.png
on-plus-raspberry-lemon-regular-2	On! Plus Raspberry Lemon Regular 2	On! Plus On! Plus Raspberry Lemon Regular 2	https://snuset-files-prod.imgix.net/source/98/on-plus-raspberry-lemon-regular-2.png
on-plus-raspberry-lemon-strong-3	On! Plus Raspberry Lemon Strong 3	On! Plus On! Plus Raspberry Lemon Strong 3	https://snuset-files-prod.imgix.net/source/c0/on-plus-raspberry-lemon-strong-3.png
on-plus-smooth-mint-regular-2	On! Plus Smooth Mint Regular 2	On! Plus On! Plus Smooth Mint Regular 2	https://snuset-files-prod.imgix.net/source/37/on-plus-smooth-mint-regular-2.png
on-plus-smooth-mint-strong-3	On! Plus Smooth Mint Strong 3	On! Plus On! Plus Smooth Mint Strong 3	https://snuset-files-prod.imgix.net/source/7e/on-plus-smooth-mint-strong-3.png
on-plus-watermelon-mint-regular-2	On! Plus Watermelon Mint Regular 2	On! Plus On! Plus Watermelon Mint Regular 2	https://snuset-files-prod.imgix.net/source/f0/on-plus-watermelon-mint-regular-2.png
on-plus-watermelon-mint-strong-3	On! Plus Watermelon Mint Strong 3	On! Plus On! Plus Watermelon Mint Strong 3	https://snuset-files-prod.imgix.net/source/bb/on-plus-watermelon-mint-strong-3.png
siberia-all-white-extra-stark-original-tobaksfritt-snus	Siberia All White Extra Stark Original Tobaksfritt Snus	Siberia Siberia All White Extra Stark Original	https://snuset-files-prod.imgix.net/source/13/siberia-80°c-extremely-strong-all-white-portion.png
siberia-all-white-extra-stark-slim-tobaksfritt-snus	Siberia All White Extra Stark Slim Tobaksfritt Snus	Siberia Siberia All White Extra Stark Slim	https://snuset-files-prod.imgix.net/source/ca/siberia-80°c-slim-all-white-portion.png
siberia-all-white-extra-stark-superslim-tobaksfritt-snus	Siberia All White Extra Stark Superslim Tobaksfritt Snus	Siberia Siberia All White Extra Stark Superslim	https://snuset-files-prod.imgix.net/source/f6/siberia-80°c-super-slim-all-white-portion.png
skruf-super-white-crystal-fresh-4	Skruf Super White Crystal Fresh 4	Skruf Super White Skruf Super White Crystal Fresh 4	https://snuset-files-prod.imgix.net/source/ba/skruf-super-white-crystal-fresh-4.png
skruf-super-white-no-52-fresh-mint-2	Skruf Super White No. 52 Fresh Mint #2	Skruf Super White Skruf Super White No. 52 Fresh Mint #2	https://snuset-files-prod.imgix.net/source/80/skruf-super-white-no-52-fresh-mint-2.png
skruf-super-white-no-53-fresh-mint-3-stark	Skruf Super White No. 53 Fresh Mint #3 Stark	Skruf Super White Skruf Super White No. 53 Fresh Mint #3	https://snuset-files-prod.imgix.net/source/cd/skruf-super-white-no-53-fresh-mint-strong-3.png
skruf-super-white-no-54-fresh-mint-4-extra-stark	Skruf Super White No. 54 Fresh Mint #4 Extra Stark	Skruf Super White Skruf Super White No. 54 Fresh Mint #4	https://snuset-files-prod.imgix.net/source/e4/skruf-super-white-no-54-fresh-mint-xtra-4.png
skruf-super-white-no-56-nordic-liquorice-2	Skruf Super White No. 56 Nordic Liquorice #2	Skruf Super White Skruf Super White No. 56 Nordic Liquorice #2	https://snuset-files-prod.imgix.net/source/5e/skruf-superwhite-nordic-liquorice-56.png
skruf-super-white-no-57-polar-eucalyptus-3-stark	Skruf Super White No. 57 Polar Eucalyptus #3 Stark	Skruf Super White Skruf Super White No. 57 Polar Eucalyptus #3 Stark	https://snuset-files-prod.imgix.net/source/c7/skruf-super-white-no.-57-polar-eucalyptus-strong-3.png
skruf-super-white-no-58-nordic-liquorice-4-extra-stark	Skruf Super White No. 58 Nordic Liquorice #4 Extra Stark	Skruf Super White Skruf Super White No. 56 Nordic Liquorice #2	https://snuset-files-prod.imgix.net/source/5e/skruf-superwhite-nordic-liquorice-56.png
skruf-super-white-no-60-frozen-mint-4	Skruf Super White No. 60 Frozen Mint #4	Skruf Super White Skruf Super White No. 60 Frozen Mint #4	https://snuset-files-prod.imgix.net/source/7b/skruf-super-white-no-60-frozen-mint-xtra-4.png
skruf-super-white-no-62-indigo-berry-2	Skruf Super White No. 62 Indigo Berry #2	Skruf Super White Skruf Super White No. 62 Indigo Berry	https://snuset-files-prod.imgix.net/source/36/skruf-super-white-no-62-indigo-berry-2.png
skruf-super-white-no-63-purple-cassice-3-stark	Skruf Super White No. 63 Purple Cassice #3 Stark	Skruf Super White Skruf Super White No. 63 Purple Cassice #3	https://snuset-files-prod.imgix.net/source/79/skruf-super-white-no-63-purple-cassice-strong-3.png
skruf-super-white-no-71-purple-cassice-2	Skruf Super White No. 71 Purple Cassice #2	Skruf Super White Skruf Super White No. 71 Purple Cassice #2	https://snuset-files-prod.imgix.net/source/42/skruf-super-white-no-71-purple-cassice-2.png
skruf-super-white-skruf-superwhite-fresh-freeze-ultra-strong	Skruf Super White Skruf Superwhite Fresh Freeze Ultra Strong	Skruf Super White Skruf Super White Fresh Freeze LTD	https://snuset-files-prod.imgix.net/source/0b/skruf-super-white-no-67-fresh-freeze-ultra-5.png
sting-free-stingfree-blue-mint	Sting Free Stingfree Blue Mint	Sting Free Stingfree Blue Mint	https://snuset-files-prod.imgix.net/source/e9/stingfree-blue-mint.png
sting-free-stingfree-california-peach	Sting Free Stingfree California Peach	Sting Free Stingfree California Peach	https://snuset-files-prod.imgix.net/source/2b/stingfree-california-peach.png
sting-free-stingfree-caribbean-mango	Sting Free Stingfree Caribbean Mango	Sting Free Stingfree Caribbean Mango	https://snuset-files-prod.imgix.net/source/2e/stingfree-caribbean-mango.png
sting-free-stingfree-maltese-lemon	Sting Free Stingfree Maltese Lemon	Sting Free Stingfree Maltese Lemon	https://snuset-files-prod.imgix.net/source/40/stingfree-maltese-lemon.png
sting-free-stingfree-ocean-mint	Sting Free Stingfree Ocean Mint	Sting Free Stingfree Ocean Mint	https://snuset-files-prod.imgix.net/source/dd/stingfree-ocean-mint.png
sting-free-stingfree-ocean-mint-strong	Sting Free Stingfree Ocean Mint Strong	Sting Free Stingfree Ocean Mint Strong	https://snuset-files-prod.imgix.net/source/9b/stingfree-ocean-mint-strong.png
sting-free-stingfree-swedish-cola	Sting Free Stingfree Swedish Cola	Sting Free Stingfree Swedish Cola	https://snuset-files-prod.imgix.net/source/2e/stingfree-swedish-cola.png
strom-fresh-mint-extra-stark	Ström Fresh Mint Extra Stark	Ström Ström Fresh Mint	https://snuset-files-prod.imgix.net/source/03/stroem-fresh-mint.png
strom-gingery-liquorice	Ström Gingery Liquorice	Ström Ström Gingery Liquorice Stark	https://snuset-files-prod.imgix.net/source/a6/stroem-gingery-liquorice-stark.png
strom-iced-coffee	Ström Iced Coffee	Ström Ström Iced Coffee Stark Slim	https://snuset-files-prod.imgix.net/source/57/stroem-iced-coffee-stark-slim.png
strom-juicy-berry-extra-stark	Ström Juicy Berry Extra Stark	Ström Ström Juicy Berry	https://snuset-files-prod.imgix.net/source/5f/stroem-juicy-berry.png
strom-minty-orange-extra-stark	Ström Minty Orange Extra Stark	Ström Ström Minty Orange	https://snuset-files-prod.imgix.net/source/3e/stroem-minty-orange.png
valkyria-pictish-spearmint-2	Valkyria Pictish Spearmint 2	Valkyria Valkyria Pictish Spearmint 2	https://snuset-files-prod.imgix.net/source/00/valkyria-pictish-spearmint-2.png
valkyria-pictish-spearmint-2-co	Valkyria Pictish Spearmint 2 CO	Valkyria Valkyria Pictish Spearmint 2	https://snuset-files-prod.imgix.net/source/00/valkyria-pictish-spearmint-2.png
valkyria-pictish-spearmint-4	Valkyria Pictish Spearmint 4	Valkyria Valkyria Pictish Spearmint 4	https://snuset-files-prod.imgix.net/source/bd/valkyria-pictish-spearmint-4.png
valkyria-pictish-spearmint-4-co	Valkyria Pictish Spearmint 4 CO	Valkyria Valkyria Pictish Spearmint 4	https://snuset-files-prod.imgix.net/source/bd/valkyria-pictish-spearmint-4.png
valkyria-viking-maiden-peach-3	Valkyria Viking Maiden Peach 3	Valkyria Valkyria Viking Maiden Peach 3	https://snuset-files-prod.imgix.net/source/f8/valkyria-viking-maiden-peach-3.png
velo-arctic-grapefruit	Velo Arctic Grapefruit	Velo Velo Arctic Grapefruit 2	https://snuset-files-prod.imgix.net/source/d9/velo-arctic-grapefruit-2__03.png
velo-blue-raspberry	Velo Blue Raspberry	Velo Velo Blue Raspberry	https://snuset-files-prod.imgix.net/source/72/velo-blue-raspberry-3.png
velo-bright-peppermint-3	Velo Bright Peppermint 3	Velo Velo Bright Peppermint 3	https://snuset-files-prod.imgix.net/source/d0/velo-bright-peppermint-3.png
velo-bright-spearmint-14	Velo Bright Spearmint 14	Velo Velo Bright Spearmint 14	https://snuset-files-prod.imgix.net/source/b8/velo-bright-spearmint-5.png
velo-bright-spearmint-mini	Velo Bright Spearmint Mini	Velo Velo Bright Spearmint Mini	https://snuset-files-prod.imgix.net/source/8c/velo-bright-spearmint-mini-1__03.png
velo-crispy-peppermint-mini	Velo Crispy Peppermint Mini	Velo Velo Crispy Peppermint Mini 3	https://snuset-files-prod.imgix.net/source/34/velo-crispy-peppermint-mini-3__03.png
velo-dark-blackcurrant-3	Velo Dark Blackcurrant 3	Velo Velo Dark Blackcurrant 3	https://snuset-files-prod.imgix.net/source/1f/velo-dark-blackcurrant-3.png
velo-dark-cherry-mini	Velo Dark Cherry Mini	Velo Velo Dark Cherry Mini	https://snuset-files-prod.imgix.net/source/78/velo-dark-cherry-mini-1.png
velo-freezing-peppermint-10-9	Velo Freezing Peppermint 10,9	Velo Velo Freezing Peppermint 10,9	https://snuset-files-prod.imgix.net/source/82/velo-freezing-peppermint-4__03.png
velo-freezing-peppermint-14	Velo Freezing Peppermint 14	Velo Velo Freezing Peppermint 14	https://snuset-files-prod.imgix.net/source/b8/velo-freezing-peppermint-5__03.png
velo-freezing-peppermint-17	Velo Freezing Peppermint 17	Velo Velo Freezing Peppermint 17	https://snuset-files-prod.imgix.net/source/7f/velo-freezing-peppermint-6__04.png
velo-freezing-peppermint-tomorrowland-limited-edition-2025	Velo Freezing Peppermint Tomorrowland Limited Edition 2025	Velo Velo Tomorrowland Limited Edition 2025	https://snuset-files-prod.imgix.net/source/9e/velo-tomorrowland-limited-edition-2025__02.png
velo-green-spearmint	Velo Green Spearmint	Velo Velo Green Spearmint	https://snuset-files-prod.imgix.net/source/58/velo-green-spearmint-2__03.png
velo-icy-berries	Velo Icy Berries	Velo Velo Icy Berries	https://snuset-files-prod.imgix.net/source/24/velo-icy-berries-3__03.png
velo-icy-cherry	Velo Icy Cherry	Velo Velo Icy Cherry 3	https://snuset-files-prod.imgix.net/source/85/velo-icy-cherry-3__03.png
velo-lime-flame	Velo Lime Flame	Velo Velo Lime Flame	https://snuset-files-prod.imgix.net/source/9b/velo-lime-flame-3__03.png
velo-mango-flame-w-heating-sensation	Velo Mango Flame W. Heating Sensation	Velo Velo Mango Flame	https://snuset-files-prod.imgix.net/source/9a/velo-mango-flame-3__02.png
velo-orange-spark-w-tingling-sensation	Velo Orange Spark w. Tingling Sensation	Velo Velo Orange Spark	https://snuset-files-prod.imgix.net/source/de/velo-orange-spark-4__03.png
velo-peppermint-storm	Velo Peppermint Storm	Velo Velo Peppermint Storm	https://snuset-files-prod.imgix.net/source/83/velo-peppermint-storm-4__03.png
velo-purple-grape-mini	Velo Purple Grape Mini	Velo Velo Purple Grape Mini	https://snuset-files-prod.imgix.net/source/b1/velo-purple-grape-mini-2__03.png
velo-purple-grape-strong	Velo Purple Grape Strong	Velo Velo Purple Grape Strong	https://snuset-files-prod.imgix.net/source/48/velo-purple-grape-3__03.png
velo-ruby-berry	Velo Ruby Berry	Velo Velo Ruby Berry	https://snuset-files-prod.imgix.net/source/18/velo-ruby-berry-2__03.png
velo-salty-liquorice	Velo Salty Liquorice	Velo Velo Salty Liquorice	https://snuset-files-prod.imgix.net/source/59/velo-salty-liquorice-3__03.png
velo-shift-cool-peppermint	Velo Shift Cool Peppermint	Velo Velo Shift Cool Peppermint	https://snuset-files-prod.imgix.net/source/bb/velo-shift-hot-spearmint-3.png
velo-shift-hot-dragonfruit	Velo Shift Hot Dragonfruit	Velo Velo Shift Hot Dragonfruit	https://snuset-files-prod.imgix.net/source/8d/velo-shift-hot-dragon-fruit-3__02.png
velo-shift-hot-grape	Velo Shift Hot Grape	Velo Velo Shift Hot Grape	https://snuset-files-prod.imgix.net/source/88/velo-shift-hot-grape-3.png
velo-shift-hot-peach	Velo Shift Hot Peach	Velo Velo Shift Hot Peach	https://snuset-files-prod.imgix.net/source/d7/velo-shift-hot-peach-3.png
velo-shift-hot-spearmint	Velo Shift Hot Spearmint	Velo Velo Shift Hot Spearmint	https://snuset-files-prod.imgix.net/source/bb/velo-shift-hot-spearmint-3.png
velo-simply-spearmint-mini	Velo Simply Spearmint Mini	Velo Velo Simply Spearmint Mini 1	https://snuset-files-prod.imgix.net/source/c5/velo-simply-spearmint-mini-1.png
velo-sour-lime-mini	Velo Sour Lime Mini	Velo Velo Sour Lime Mini 1	https://snuset-files-prod.imgix.net/source/b4/velo-sour-lime-mini-1__03.png
velo-sweet-blackcurrant-limited-edition	Velo Sweet Blackcurrant Limited Edition	Velo Velo Sweet Blackcurrant Limited Edition	https://snuset-files-prod.imgix.net/source/a2/velo-sweet-blackcurrant-limited-edition-2025-3.png
velo-tropical-mango-14	Velo Tropical Mango 14	Velo Velo Tropical Mango 14	https://snuset-files-prod.imgix.net/source/07/velo-tropical-mango-5__04.png
velo-tropical-mango-6	Velo Tropical Mango 6	Velo Velo Tropical Mango	https://snuset-files-prod.imgix.net/source/b5/velo-tropical-mango-2__02.png
velo-wintery-watermelon-mini	Velo Wintery Watermelon Mini	Velo Velo Wintery Watermelon Mini 2	https://snuset-files-prod.imgix.net/source/f5/velo-wintery-watermelon-mini-2__03.png
velo-zest-flame-w-heating-sensation	Velo Zest Flame w. Heating Sensation	Velo Velo Zest Flame	https://snuset-files-prod.imgix.net/source/76/velo-zest-flame-3.png
velo-zesty-elderflower	Velo Zesty Elderflower	Velo Velo Zesty Elderflower	https://snuset-files-prod.imgix.net/source/a3/velo-zesty-elderflower-3__03.png
vid-arctic-blast-stark	Vid Arctic Blast Stark	Vid Vid Arctic Blast Stark	https://snuset-files-prod.imgix.net/source/91/vid-arctic-blast-stark.png
vid-blueberry-strong	Vid BLUEBERRY Strong	Vid Vid Blueberry	https://snuset-files-prod.imgix.net/source/1e/vid-blueberry.png
vid-chili-chocolate-strong	Vid Chili Chocolate Strong	Vid Vid Chili Chocolate	https://snuset-files-prod.imgix.net/source/f3/vid-chili-chocolate.png
vid-coffee-caramel	Vid Coffee Caramel	Vid Vid Coffee Caramel	https://snuset-files-prod.imgix.net/source/e6/vid-coffee-caramel.png
vid-coffee-caramel-stark	Vid Coffee Caramel Stark	Vid Vid Coffee Caramel Stark	https://snuset-files-prod.imgix.net/source/77/vid-coffee-caramel-stark.png
vid-cola-sour	Vid Cola Sour	Vid Vid Cola Sour	https://snuset-files-prod.imgix.net/source/df/vid-cola-sour.png
vid-cola-sour-stark	Vid Cola Sour Stark	Vid Vid Cola Sour Stark	https://snuset-files-prod.imgix.net/source/1c/vid-cola-sour-stark.png
vid-fruit-fusion	Vid Fruit Fusion	Vid Vid Fruit Fusion	https://snuset-files-prod.imgix.net/source/64/vid-fruit-fusion.png
vid-hot-pineapple	Vid Hot Pineapple	Vid Vid Hot Pineapple	https://snuset-files-prod.imgix.net/source/2e/vid-hot-pineapple.png
vid-liquorice-tar	Vid Liquorice Tar	Vid Vid Liquorice Tar	https://snuset-files-prod.imgix.net/source/26/vid-liquorice-tar.png
vid-menthol	Vid Menthol	Vid Vid Menthol	https://snuset-files-prod.imgix.net/source/c4/vid-menthol.png
vid-menthol-mild-mini	Vid Menthol Mild Mini	Vid Vid Menthol Mild Mini	https://snuset-files-prod.imgix.net/source/0e/vid-menthol-mild-mini.png
vid-mint-mild-mini	Vid Mint Mild Mini	Vid Vid Mint Mild Mini	https://snuset-files-prod.imgix.net/source/02/vid-mint-mild-mini.png
vid-minty-apple	Vid Minty Apple	Vid Vid Minty Apple	https://snuset-files-prod.imgix.net/source/cd/vid-minty-apple.png
vid-minty-apple-mild-mini	Vid Minty Apple Mild Mini	Vid Vid Minty Apple Mild Mini	https://snuset-files-prod.imgix.net/source/ac/vid-minty-apple-mild-mini.png
vid-minty-cola-mild-mini	Vid Minty Cola Mild Mini	Vid Vid Minty Cola Mild Mini	https://snuset-files-prod.imgix.net/source/52/vid-minty-cola-mild-mini.png
vid-minty-lemon	Vid Minty Lemon	Vid Vid Minty Lemon	https://snuset-files-prod.imgix.net/source/30/vid-minty-lemon.png
vid-minty-lemon-mild-mini	Vid Minty Lemon Mild Mini	Vid Vid Minty Lemon Mild Mini	https://snuset-files-prod.imgix.net/source/6b/vid-minty-lemon-mild-mini.png
vid-perfect-pear	Vid Perfect Pear	Vid Vid Perfect Pear	https://snuset-files-prod.imgix.net/source/a4/vid-perfect-pear-2.png
vid-perfect-pear-stark	Vid Perfect Pear Stark	Vid Vid Perfect Pear Stark	https://snuset-files-prod.imgix.net/source/00/vid-perfect-pear-stark-4.png
vid-ruby-raspberry	Vid Ruby Raspberry	Vid Vid Ruby Raspberry	https://snuset-files-prod.imgix.net/source/11/vid-ruby-raspberry.png
vid-salty-liquorice-stark	Vid Salty Liquorice Stark	Vid Vid Salty Liquorice Stark	https://snuset-files-prod.imgix.net/source/e2/vid-salty-liquorice-stark.png
vid-spicy-orange-strong	Vid Spicy Orange Strong	Vid Vid Spicy Orange	https://snuset-files-prod.imgix.net/source/82/vid-spicy-orange.png
vid-sweet-tea-mild-mini	Vid Sweet Tea Mild Mini	Vid Vid Sweet Tea Mild Mini	https://snuset-files-prod.imgix.net/source/08/vid-sweet-tea-mild-mini.png
vid-vanilla-pear	Vid Vanilla Pear	Vid Vid Vanilla Pear	https://snuset-files-prod.imgix.net/source/10/vid-vanilla-pear.png
vid-vanilla-pear-stark	Vid Vanilla Pear Stark	Vid Vid Vanilla Pear Stark	https://snuset-files-prod.imgix.net/source/12/vid-vanilla-pear-stark.png
vid-violet-velvet	Vid Violet Velvet	Vid Vid Violet Velvet	https://snuset-files-prod.imgix.net/source/aa/vid-violet-velvet.png
vid-watermelon	Vid Watermelon	Vid Vid Watermelon	https://snuset-files-prod.imgix.net/source/56/vid-watermelon.png
vid-watermelon-mild-mini	Vid Watermelon Mild Mini	Vid Vid Watermelon Mild Mini	https://snuset-files-prod.imgix.net/source/52/vid-watermelon-mild-mini.png
vont-fresh-mint	Vont Fresh Mint	 Vont Fresh Mint	https://snuset-files-prod.imgix.net/source/15/vont-fresh-mint-3.png
vont-fresh-mint-mild	Vont Fresh Mint Mild	 Vont Fresh Mint Mild	https://snuset-files-prod.imgix.net/source/1f/vont-fresh-mint-mild-1.png
vont-juicy-berry-normalstark	Vont Juicy Berry normalstark	 Vont Juicy Berry	https://snuset-files-prod.imgix.net/source/d9/vont-juicy-berry-2.png
vont-juicy-berry-stark	Vont Juicy Berry Stark	 Vont Juicy Berry Stark	https://snuset-files-prod.imgix.net/source/56/vont-juicy-berry-stark-4.png
vont-sweet-melon	Vont Sweet Melon	 Vont Sweet Melon	https://snuset-files-prod.imgix.net/source/05/vont-sweet-melon-2.png
vont-sweet-melon-stark	Vont Sweet Melon Stark	 Vont Sweet Melon Stark	https://snuset-files-prod.imgix.net/source/e0/vont-sweet-melon-stark-4.png
xqs-arctic-freeze-slim	XQS Arctic Freeze Slim	XQS Xqs Arctic Freeze 11 mg 5	https://snuset-files-prod.imgix.net/source/ea/swe-arcticfreeze-11mg-packshot-front.png
xqs-arctic-freeze-stark	XQS Arctic Freeze Stark	XQS Xqs Arctic Freeze 11 mg 5	https://snuset-files-prod.imgix.net/source/ea/swe-arcticfreeze-11mg-packshot-front.png
xqs-berrynana-twist-8mg	XQS Berrynana Twist 8mg	XQS XQS Berrynana Twist 8 mg 4	https://snuset-files-prod.imgix.net/source/c4/xqs-berrynana-4.png
xqs-blueberry-mint	XQS Blueberry Mint	XQS XQS Blueberry Mint 8 mg 4	https://snuset-files-prod.imgix.net/source/7a/xqs-blueberry-mint-4.png
xqs-cactus-sour-strong	XQS Cactus Sour Strong	XQS XQS Cactus Sour 8 mg 4	https://snuset-files-prod.imgix.net/source/3d/xqs-cactus-sour-4.png
xqs-citrus-cooling	XQS Citrus Cooling	XQS XQS Citrus Cooling Strong 8 mg 4	https://snuset-files-prod.imgix.net/source/b3/xqs-citrus-cooling-4.png
xqs-dark-banana-8mg-4	Xqs Dark Banana 8mg 4	XQS XQS Dark Banana 8mg 4 Slim	https://snuset-files-prod.imgix.net/source/d9/xqs-dark-banana-4.png
xqs-fizzy-cola	XQS Fizzy Cola	XQS Xqs Fizzy Cola 8 mg 4	https://snuset-files-prod.imgix.net/source/6b/xqs-fizzy-cola-8-mg-4.png
xqs-fizzy-peach-8mg-4	Xqs Fizzy Peach 8mg 4	XQS XQS Fizzy Peach 8mg 4	https://snuset-files-prod.imgix.net/source/55/xqs-fizzy-peach-4.png
xqs-hallon-lakrits-8-mg-4	XQS Hallon Lakrits 8 mg 4	XQS XQS Hallon Lakrits 8 mg 4	https://snuset-files-prod.imgix.net/source/80/xqs-hallon-lakrits-4.png
xqs-hallonsoda	XQS Hallonsoda	XQS XQS Hallonsoda 8 mg 4	https://snuset-files-prod.imgix.net/source/9a/xqs-hallonsoda-4.png
xqs-strawberry-kiwi-8mg	XQS Strawberry Kiwi 8mg	XQS XQS Strawberry Kiwi 8 mg 4	https://snuset-files-prod.imgix.net/source/b0/xqs-strawberry-kiwi-8-mg-4__02.png
xqs-tropical-4-mg-2	XQS Tropical 4 mg 2	XQS XQS Tropical 4 mg 2	https://snuset-files-prod.imgix.net/source/36/xqs-tropical-2.png
xqs-twin-apple	XQS Twin Apple	XQS XQS Twin Apple 8 mg 4	https://snuset-files-prod.imgix.net/source/5f/swe-twin-apple-8mg-front-01012026-2.png
xqs-wintergreen	XQS Wintergreen	XQS Xqs Wintergreen 8 mg 4	https://snuset-files-prod.imgix.net/source/3a/xqs-wintergrren-4.png
zafari-blood-orange	Zafari Blood Orange	Zafari Zafari Blood Orange Stark	https://snuset-files-prod.imgix.net/source/5a/zafari-blood-orange-stark.png
zafari-carribean-guava	Zafari Carribean Guava	Zafari Zafari Carribean Guava	https://snuset-files-prod.imgix.net/source/8b/zafari-carribean-guava.png
zafari-desert-mint	Zafari Desert Mint	Zafari Zafari Desert Mint	https://snuset-files-prod.imgix.net/source/10/zafari-desert-mint.png
zafari-desert-mint-light	Zafari Desert Mint (light)	Zafari Zafari Desert Mint	https://snuset-files-prod.imgix.net/source/10/zafari-desert-mint.png
zafari-desert-mint-stark	Zafari Desert Mint Stark	Zafari Zafari Desert Mint Stark	https://snuset-files-prod.imgix.net/source/45/zafari-desert-mint-stark.png
zafari-fresh-mint	Zafari Fresh Mint	Zafari Zafari Fresh Mint Stark	https://snuset-files-prod.imgix.net/source/c3/zafari-fresh-mint-stark.png
zafari-fresh-mint-rainbow-edition	Zafari Fresh Mint - Rainbow edition	Zafari Zafari Fresh Mint Rainbow Edition	https://snuset-files-prod.imgix.net/source/de/zafari-fresh-mint-rainbow-edition.png
zafari-ice-cold-mint	Zafari Ice Cold Mint	Zafari Zafari Ice Cold Mint Stark	https://snuset-files-prod.imgix.net/source/24/zafari-ice-cold-mint-stark.png
zafari-red-sea-orange	Zafari Red Sea Orange	Zafari Zafari Red Sea Orange	https://snuset-files-prod.imgix.net/source/88/zafari-red-sea-orange.png
zafari-red-sea-orange-light	Zafari Red Sea Orange (Light)	Zafari Zafari Red Sea Orange	https://snuset-files-prod.imgix.net/source/88/zafari-red-sea-orange.png
zafari-red-sea-orange-stark	Zafari Red Sea Orange Stark	Zafari Zafari Red Sea Orange Stark	https://snuset-files-prod.imgix.net/source/10/zafari-red-sea-orange-stark.png
zafari-sauna-tar	Zafari Sauna Tar	Zafari Zafari Sauna Tar	https://snuset-files-prod.imgix.net/source/9b/zafari-sauna-tar.png
zafari-sauna-tar-mild	Zafari Sauna Tar Mild	Zafari Zafari Sauna Tar Mild	https://snuset-files-prod.imgix.net/source/54/zafari-sauna-tar-mild.png
zafari-spicy-mango	Zafari Spicy Mango	Zafari Zafari Spicy Mango Stark	https://snuset-files-prod.imgix.net/source/4e/zafari-spicy-mango-stark.png
zafari-sunset-mango	Zafari Sunset Mango	Zafari Zafari Sunset Mango	https://snuset-files-prod.imgix.net/source/95/zafari-sunset-mango.png
zafari-sunset-mango-light	Zafari Sunset Mango (light)	Zafari Zafari Sunset Mango	https://snuset-files-prod.imgix.net/source/95/zafari-sunset-mango.png
zafari-sunset-mango-stark	Zafari Sunset Mango Stark	Zafari Zafari Sunset Mango Stark	https://snuset-files-prod.imgix.net/source/bb/zafari-sunset-mango-stark.png
zixs-ice-stark	Zixs Ice Stark	Zixs Zixs Ice Stark	https://snuset-files-prod.imgix.net/source/97/zixs-ice-stark.png
zixs-ice-stark-original	Zixs Ice Stark Original	Zixs Zixs Ice Stark	https://snuset-files-prod.imgix.net/source/97/zixs-ice-stark.png
zixs-lemon-rush	Zixs Lemon Rush	Zixs Zixs Lemon Rush	https://snuset-files-prod.imgix.net/source/3e/zixs-lemon-rush-.png
zixs-melon-freeze-stark	Zixs Melon Freeze Stark	Zixs Zixs Melon Freeze Stark	https://snuset-files-prod.imgix.net/source/c6/zixs-melon-freeze-stark.png
zixs-melon-freeze-stark-original	Zixs Melon Freeze Stark Original	Zixs Zixs Melon Freeze Stark	https://snuset-files-prod.imgix.net/source/c6/zixs-melon-freeze-stark.png
zixs-melon-rush-original	Zixs Melon Rush Original	Zixs Zixs Melon Rush	https://snuset-files-prod.imgix.net/source/d3/zixs-melon-rush.png
zixs-melon-rush-slim	Zixs Melon Rush Slim	Zixs Zixs Melon Rush	https://snuset-files-prod.imgix.net/source/d3/zixs-melon-rush.png
zixs-minty-lemon-original	Zixs Minty Lemon Original	Zixs Zixs Lemon Rush	https://snuset-files-prod.imgix.net/source/3e/zixs-lemon-rush-.png
zixs-north-ice-66-stark	Zixs North Ice -66 Stark	Zixs Zixs North Ice -66 Stark	https://snuset-files-prod.imgix.net/source/3c/zixs-north-ice-66-stark.png
zixs-north-ice-66-stark-original	Zixs North Ice -66 Stark Original	Zixs Zixs North Ice -66 Stark	https://snuset-files-prod.imgix.net/source/3c/zixs-north-ice-66-stark.png
zixs-salmiak-slim	Zixs Salmiak Slim	Zixs Zixs Salmiak Slim	https://snuset-files-prod.imgix.net/source/c6/zixs-salmiak-slim.png
zixs-z-xs-slim-cola-buzz	Zixs Z!XS Slim Cola Buzz	Zixs Zixs Cola Buzz Stark Slim	https://snuset-files-prod.imgix.net/source/fb/zixs-cola-buzz-stark-slim.png
zixs-z-xs-slim-exotic-chill	Zixs Z!XS Slim Exotic Chill	Zixs Zixs Exotic Chill Stark Slim	https://snuset-files-prod.imgix.net/source/83/zixs-exotic-chill-stark-slim.png
zone-no-13-sweet-mint-3	Zone No. 13 Sweet Mint 3	Zone Zone No. 13 Sweet Mint 3	https://snuset-files-prod.imgix.net/source/a9/zone-no-13-sweet-mint-3.png
zone-no-3-cool-mint-3	Zone No. 3 Cool Mint 3	Zone Zone No.3 Cool Mint 3	https://snuset-files-prod.imgix.net/source/95/zone-no-3-cool-mint-3.png
zone-no-33-juicy-peach-3	Zone No. 33 Juicy Peach 3	Zone Zone No. 33 Juicy Peach 3	https://snuset-files-prod.imgix.net/source/b4/zone-no-33-juicy-peach-3.png
zone-no-33-juicy-peach-3-co	Zone No. 33 Juicy Peach 3 CO	Zone Zone No. 33 Juicy Peach 3	https://snuset-files-prod.imgix.net/source/b4/zone-no-33-juicy-peach-3.png
zone-no53-watermelon-ice-strong	Zone No53 Watermelon Ice Strong	Zone Zone No. 53 Watermelon Ice Strong 3	https://snuset-files-prod.imgix.net/source/d3/zone-no-53-watermelon-ice-3.png
zyn-apple-mint-mini-4	Zyn Apple Mint Mini 4	Zyn Zyn Apple Mint Mini 4	https://snuset-files-prod.imgix.net/source/3d/zyn-apple-mint-mini-4.png
zyn-apple-mint-mini-dry-2	Zyn Apple Mint Mini Dry 2	Zyn Zyn Apple Mint Mini 2	https://snuset-files-prod.imgix.net/source/66/zyn-apple-mint-mini-2.png
zyn-apple-mint-slim-3	Zyn Apple Mint Slim 3	Zyn Zyn Apple Mint Slim 3	https://snuset-files-prod.imgix.net/source/68/zyn-apple-mint-slim-3.png
zyn-apple-mint-slim-4	Zyn Apple Mint Slim 4	Zyn Zyn Apple Mint Slim 4	https://snuset-files-prod.imgix.net/source/64/zyn-apple-mint-slim-4.png
zyn-bellini-mini-dry-2	Zyn Bellini Mini Dry 2	Zyn Zyn Bellini Mini Dry 4	https://snuset-files-prod.imgix.net/source/1a/zyn-belini-min-dry-4.png
zyn-black-cherry-mini-dry-2	Zyn Black Cherry Mini Dry 2	Zyn Zyn Black Cherry Mini 2	https://snuset-files-prod.imgix.net/source/01/zyn-black-cherry-mini-2.png
zyn-black-cherry-mini-dry-4	Zyn Black Cherry Mini Dry 4	Zyn Zyn Black Cherry Mini 4	https://snuset-files-prod.imgix.net/source/15/zyn-black-cherry-mini-4.png
zyn-black-cherry-s3	Zyn Black Cherry S3	Zyn Zyn Black Cherry Slim 3	https://snuset-files-prod.imgix.net/source/53/zyn-black-cherry-slim-3.png
zyn-black-licorice-mini-dry-2	Zyn Black Licorice Mini Dry 2	Zyn Zyn Black Licorice Mini 2	https://snuset-files-prod.imgix.net/source/50/zyn-black-licorice-mini-2.png
zyn-blackcurrant-ice-slim-5	Zyn Blackcurrant Ice Slim 5	Zyn Zyn Blackcurrant Ice Slim 5	https://snuset-files-prod.imgix.net/source/59/zyn-blackcurrant-ice-slim-5.png
zyn-cactus-spice-slim-3	Zyn Cactus Spice Slim 3	Zyn Zyn Cactus Spice Slim 3	https://snuset-files-prod.imgix.net/source/d0/zyn-cactus-spice-slim-3.png
zyn-cactus-spice-slim-3-co	Zyn Cactus Spice Slim 3 CO	Zyn Zyn Cactus Spice Slim 3	https://snuset-files-prod.imgix.net/source/d0/zyn-cactus-spice-slim-3.png
zyn-cactus-spice-slim-4	Zyn Cactus Spice Slim 4	Zyn Zyn Cactus Spice Slim 4	https://snuset-files-prod.imgix.net/source/bb/zyn-cactus-spice-slim-4.png
zyn-citrus-mini-dry-2	Zyn Citrus Mini Dry 2	Zyn Zyn Citrus Mini 2	https://snuset-files-prod.imgix.net/source/85/zyn-citrus-mini-2.png
zyn-citrus-slim-3	Zyn Citrus Slim 3	Zyn Zyn Citrus Slim 3	https://snuset-files-prod.imgix.net/source/84/zyn-citrus-slim-3.png
zyn-citrus-slim-4	Zyn Citrus Slim 4	Zyn Zyn Citrus Slim 4	https://snuset-files-prod.imgix.net/source/a6/zyn-citrus-slim-4.png
zyn-coffee-mini-s2-moist	Zyn Coffee Mini S2 (moist)	Zyn Zyn Coffee Mini 2 Moist	https://snuset-files-prod.imgix.net/source/d6/zyn-coffee-mini-moist-2__02.png
zyn-cool-frost-slim-4	Zyn Cool Frost Slim 4	Zyn Zyn Cool Frost Slim 4	https://snuset-files-prod.imgix.net/source/1a/zyn-cool-frost-4.png
zyn-cool-mint-ice-slim-6	Zyn Cool Mint Ice Slim 6	Zyn Zyn Cool Mint Ice Slim 6	https://snuset-files-prod.imgix.net/source/fe/zyn-cool-mint-ice-slim-6.png
zyn-cool-mint-mini-dry-2	Zyn Cool Mint Mini Dry 2	Zyn Zyn Cool Mint Mini 2	https://snuset-files-prod.imgix.net/source/af/zyn-cool-mint-mini-2.png
zyn-cool-mint-mini-dry-4	Zyn Cool Mint Mini Dry 4	Zyn Zyn Cool Mint Mini 4	https://snuset-files-prod.imgix.net/source/e5/zyn-cool-mint-mini-4.png
zyn-cool-mint-slim-2	Zyn Cool Mint Slim 2	Zyn Zyn Cool Mint Slim 2	https://snuset-files-prod.imgix.net/source/26/zyn-cool-mint-slim-2.png
zyn-cool-mint-slim-3	Zyn Cool Mint Slim 3	Zyn Zyn Cool Mint Slim 3	https://snuset-files-prod.imgix.net/source/63/zyn-cool-mint-slim-3.png
zyn-cool-mint-slim-4	Zyn Cool Mint Slim 4	Zyn Zyn Cool Mint Slim 4	https://snuset-files-prod.imgix.net/source/5f/zyn-cool-mint-slim-4.png
zyn-cucumber-lime-slim-2	Zyn Cucumber Lime Slim 2	Zyn Zyn Cucumber Lime Slim 2	https://snuset-files-prod.imgix.net/source/3f/zyn-cucumber-lime-2.png
zyn-dark-frost-slim-4	Zyn Dark Frost Slim 4	Zyn Zyn Cool Frost Slim 4	https://snuset-files-prod.imgix.net/source/1a/zyn-cool-frost-4.png
zyn-dark-roast-limited-edition-4	Zyn Dark Roast Limited Edition 4	Zyn Zyn Dark Roast Limited Edition 4	https://snuset-files-prod.imgix.net/source/28/zyn-dark-roast-limited-edition-4.png
zyn-deep-freeze-slim-4	Zyn Deep Freeze Slim 4	Zyn Zyn Citrus Slim 4	https://snuset-files-prod.imgix.net/source/a6/zyn-citrus-slim-4.png
zyn-gentle-mint-mini-1	Zyn Gentle Mint Mini 1	Zyn Zyn Gentle Mint Mini 1	https://snuset-files-prod.imgix.net/source/14/zyn-gentle-mint-mini-1.png
zyn-gentle-mint-slim-2	Zyn Gentle Mint Slim 2	Zyn Zyn Gentle Mint Slim 2	https://snuset-files-prod.imgix.net/source/b5/zyn-gentle-mint-slim-2.png
zyn-lemon-spritz-slim-2	Zyn Lemon Spritz Slim 2	Zyn Zyn Lemon Spritz Slim 2	https://snuset-files-prod.imgix.net/source/05/zyn-lemon-sprits-slim-2.png
zyn-macchiato-limited-edition-3	Zyn Macchiato Limited Edition 3	Zyn Zyn Macchiato Limited Edition 3	https://snuset-files-prod.imgix.net/source/22/zyn-macchiato-limited-edition-3.png
zyn-menthol-ice-slim-5	Zyn Menthol Ice Slim 5	Zyn Zyn Menthol Ice Slim 5	https://snuset-files-prod.imgix.net/source/c3/zyn-menthol-ice-slim-5.png
zyn-menthol-ice-slim-6	Zyn Menthol Ice Slim 6	Zyn Zyn Menthol Ice Slim 6	https://snuset-files-prod.imgix.net/source/7c/zyn-menthol-ice-slim-6.png
zyn-original-mini-4	Zyn Original Mini 4	Zyn Zyn Coffee Mini 4	https://snuset-files-prod.imgix.net/source/f7/zyn-coffee-mini-4.png
zyn-red-berry-fizz-slim-2	Zyn Red Berry Fizz Slim 2	Zyn Zyn Red Berry Fizz Slim 2	https://snuset-files-prod.imgix.net/source/e7/zyn-red-berry-fizz-slim-2.png
zyn-red-berry-fizz-slim-2-co	Zyn Red Berry Fizz Slim 2 CO	Zyn Zyn Red Berry Fizz Slim 2	https://snuset-files-prod.imgix.net/source/e7/zyn-red-berry-fizz-slim-2.png
zyn-red-berry-fizz-slim-3	Zyn Red Berry Fizz Slim 3	Zyn Zyn Red Berry Fizz Slim 3	https://snuset-files-prod.imgix.net/source/ee/zyn-red-berry-fizz-slim-3.png
zyn-red-berry-fizz-slim-4	Zyn Red Berry Fizz Slim 4	Zyn Zyn Red Berry Fizz Slim 4	https://snuset-files-prod.imgix.net/source/f5/zyn-red-berry-fizz-slim-4.png
zyn-red-fruits-slim-2	Zyn Red Fruits Slim 2	Zyn Zyn Red Fruits Slim 2	https://snuset-files-prod.imgix.net/source/7b/zyn-red-fruits-slim-2.png
zyn-red-fruits-slim-3	Zyn Red Fruits Slim 3	Zyn Zyn Red Fruits Slim 3	https://snuset-files-prod.imgix.net/source/5a/zyn-red-fruits-slim-3.png
zyn-spearmint-mini-dry-1	Zyn Spearmint Mini Dry 1	Zyn Zyn Spearmint Mini 1	https://snuset-files-prod.imgix.net/source/c2/zyn-spearmint-mini-1.png
zyn-spearmint-mini-dry-2	Zyn Spearmint Mini Dry 2	Zyn Zyn Spearmint Mini 2	https://snuset-files-prod.imgix.net/source/aa/zyn-spearmint-mini-2.png
zyn-spearmint-slim-2	Zyn Spearmint Slim 2	Zyn Zyn Spearmint Slim 2	https://snuset-files-prod.imgix.net/source/d4/zyn-spearmint-slim-2.png
zyn-spearmint-slim-3	Zyn Spearmint Slim 3	Zyn Zyn Spearmint Slim 3	https://snuset-files-prod.imgix.net/source/48/zyn-spearmint-slim-3.png
zyn-violet-licorice-slim-2	Zyn Violet Licorice Slim 2	Zyn Zyn Violet Licorice Slim 2	https://snuset-files-prod.imgix.net/source/e3/zyn-violet-licorice-slim-2.png
zyn-violet-licorice-slim-3	Zyn Violet Licorice Slim 3	Zyn Zyn Violet Licorice Slim 3	https://snuset-files-prod.imgix.net/source/47/zyn-violet-licorice-slim-3.png
zyn-watermelon-mint-s2	Zyn WATERMELON MINT S2	Zyn Zyn Watermelon Mint S2	https://snuset-files-prod.imgix.net/source/61/zyn-watermelon-mint-slim-2.png
